Year,Month,Station_ID,Station_Name,Water_Class,DO,BOD,TSS,pH,Temperature,Color_TCU,Phosphate,PO4_P,Fecal_Coliform
2020,1,1,"Inland Fisheries, Leganes",C,6.6,2.0,47.0,8.1,28.9,10.0,0.263,,3300.0
2020,1,10,Alibunan Upstream (Class A),A,6.3,11.0,9.0,8.5,24.4,10.0,1.235,,2300.0
2020,1,2,Barotac Nuevo Bridge,C,4.6,1.0,69.0,8.2,27.3,5.0,0.395,,7900.0
2020,1,3,Moroboro Dam,C,6.6,1.0,18.0,7.6,26.0,5.0,0.258,,930.0
2020,1,4,Duenas Bridge,C,5.6,1.0,52.0,7.7,24.7,10.0,0.493,,9400.0
2020,1,5,Downstream Passi II,C,7.5,2.0,44.0,7.2,27.2,10.0,0.341,,70000.0
2020,1,6,Downstream Passi I,C,7.5,9.0,70.0,7.1,25.2,10.0,0.567,,23000.0
2020,1,7,Upstream Passi I,C,5.3,1.0,55.0,8.6,26.4,10.0,0.594,,110000.0
2020,1,8,Calinog Bridge (Class A),A,7.2,2.0,116.0,8.3,24.9,10.0,1.018,,92000.0
2020,1,9,"Alibunan Bridge, Upstream of Confluence (Class A)",A,6.9,2.0,184.0,8.4,24.7,10.0,0.283,,4900.0
2020,2,1,"Inland Fisheries, Leganes",C,9.3,3.0,36.0,7.0,29.0,5.0,0.111,,1300.0
2020,2,10,Alibunan Upstream (Class A),A,8.6,2.0,4.0,7.0,25.0,5.0,0.196,,54000.0
2020,2,2,Barotac Nuevo Bridge,C,8.0,1.0,39.0,7.0,29.0,10.0,0.401,,4900.0
2020,2,3,Moroboro Dam,C,7.2,2.0,22.0,7.0,29.0,5.0,0.292,,450.0
2020,2,4,Duenas Bridge,C,7.8,1.0,81.0,7.0,29.0,10.0,0.588,,24000.0
2020,2,5,Downstream Passi II,C,6.4,24.0,50.0,7.0,29.0,10.0,0.443,,92000.0
2020,2,6,Downstream Passi I,C,7.4,17.0,45.0,7.0,28.0,10.0,0.492,,54000.0
2020,2,7,Upstream Passi I,C,7.9,1.0,37.0,7.0,27.0,10.0,0.357,,54000.0
2020,2,8,Calinog Bridge (Class A),A,8.7,2.0,35.0,7.0,24.0,5.0,0.377,,170000.0
2020,2,9,"Alibunan Bridge, Upstream of Confluence (Class A)",A,8.5,1.0,47.0,7.0,25.0,5.0,0.438,,92000.0
2020,3,1,"Inland Fisheries, Leganes",C,8.7,3.0,78.0,7.9,28.3,20.0,0.627,,31000.0
2020,3,10,Alibunan Upstream (Class A),A,8.9,2.0,36.0,8.2,27.1,10.0,0.337,,17000.0
2020,3,2,Barotac Nuevo Bridge,C,8.8,2.0,213.0,8.0,27.2,20.0,0.146,,46000.0
2020,3,3,Moroboro Dam,C,8.4,2.0,46.0,7.9,28.0,20.0,0.537,,5400.0
2020,3,4,Duenas Bridge,C,8.6,2.0,135.0,8.2,29.2,10.0,0.815,,24000.0
2020,3,5,Downstream Passi II,C,8.8,10.0,183.0,7.9,27.6,15.0,0.551,,170000.0
2020,3,6,Downstream Passi I,C,8.8,41.0,95.0,8.0,26.9,20.0,0.569,,24000.0
2020,3,7,Upstream Passi I,C,8.2,2.0,103.0,7.0,26.9,15.0,0.809,,35000.0
2020,3,8,Calinog Bridge (Class A),A,8.7,1.0,55.0,8.0,25.9,10.0,0.448,,40000.0
2020,3,9,"Alibunan Bridge, Upstream of Confluence (Class A)",A,8.6,1.0,144.0,8.2,27.3,15.0,0.713,,35000.0
2020,4,1,"Inland Fisheries, Leganes",C,3.4,2.0,83.0,7.0,33.0,25.0,0.606,,54000.0
2020,4,10,Alibunan Upstream (Class A),A,4.4,2.0,27.0,8.0,28.0,10.0,0.455,,2200.0
2020,4,2,Barotac Nuevo Bridge,C,3.4,4.0,135.0,7.0,30.0,20.0,0.75,,11000.0
2020,4,3,Moroboro Dam,C,3.3,3.0,63.0,8.0,29.0,15.0,0.599,,14000.0
2020,4,4,Duenas Bridge,C,4.1,3.0,146.0,8.0,30.0,15.0,0.67,,17000.0
2020,4,5,Downstream Passi II,C,3.3,3.0,160.0,8.0,29.0,15.0,1.014,,35000.0
2020,4,6,Downstream Passi I,C,3.4,2.0,154.0,8.0,29.0,15.0,0.822,,400000.0
2020,4,7,Upstream Passi I,C,3.4,2.0,157.0,8.0,28.0,15.0,0.89,,92000.0
2020,4,8,Calinog Bridge (Class A),A,3.2,3.0,69.0,8.0,27.0,10.0,0.441,,40000.0
2020,4,9,"Alibunan Bridge, Upstream of Confluence (Class A)",A,3.6,1.0,122.0,8.0,27.0,10.0,0.652,,54000.0
2020,5,1,"Inland Fisheries, Leganes",C,6.8,2.0,643.0,7.8,29.8,10.0,0.56,,49000.0
2020,5,10,Alibunan Upstream (Class A),A,9.0,1.0,60.0,8.0,26.1,10.0,0.35,,9200.0
2020,5,2,Barotac Nuevo Bridge,C,7.6,2.0,719.0,7.8,29.5,10.0,0.77,,49000.0
2020,5,3,Moroboro Dam,C,6.4,2.0,228.0,7.8,28.8,15.0,0.48,,24000.0
2020,5,4,Duenas Bridge,C,7.8,1.0,415.0,7.8,28.6,15.0,2.44,,110000.0
2020,5,5,Downstream Passi II,C,7.4,2.0,431.0,7.7,27.6,15.0,0.44,,240000.0
2020,5,6,Downstream Passi I,C,7.0,2.0,274.0,7.7,27.6,15.0,0.44,,49000.0
2020,5,7,Upstream Passi I,C,7.7,2.0,544.0,7.7,27.2,15.0,0.5,,13000.0
2020,5,8,Calinog Bridge (Class A),A,7.4,1.0,332.0,7.9,26.4,10.0,0.4,,7900.0
2020,5,9,"Alibunan Bridge, Upstream of Confluence (Class A)",A,7.5,1.0,180.0,8.0,26.1,10.0,0.42,,9400.0
2020,6,1,"Inland Fisheries, Leganes",C,7.7,7.0,50.0,7.0,29.0,20.0,7.46,,140000.0
2020,6,10,Alibunan Upstream (Class A),A,8.6,2.0,16.0,7.0,26.0,15.0,0.44,,84000.0
2020,6,2,Barotac Nuevo Bridge,C,7.9,6.0,272.0,7.0,28.0,40.0,2.24,,1600000.0
2020,6,3,Moroboro Dam,C,7.8,5.0,213.0,7.0,28.0,20.0,3.8,,92000.0
2020,6,4,Duenas Bridge,C,7.9,5.0,169.0,7.0,27.0,20.0,1.552,,280000.0
2020,6,5,Downstream Passi II,C,8.0,5.0,358.0,7.0,27.0,20.0,0.57,,48000.0
2020,6,6,Downstream Passi I,C,7.6,4.0,398.0,7.0,27.0,20.0,0.55,,33000.0
2020,6,7,Upstream Passi I,C,7.5,3.0,377.0,7.0,26.0,30.0,0.68,,160000.0
2020,6,8,Calinog Bridge (Class A),A,7.4,3.0,42.0,7.0,25.0,20.0,0.59,,17000.0
2020,6,9,"Alibunan Bridge, Upstream of Confluence (Class A)",A,8.5,2.0,69.0,7.0,26.0,20.0,0.57,,2300.0
2020,7,1,"Inland Fisheries, Leganes",C,7.2,4.0,879.0,7.5,27.8,20.0,1.908,,540000.0
2020,7,10,Alibunan Upstream (Class A),A,5.9,2.0,32.0,7.1,26.1,10.0,0.542,,17000.0
2020,7,2,Barotac Nuevo Bridge,C,7.7,7.0,1196.0,7.7,27.4,20.0,2.344,,220000.0
2020,7,3,Moroboro Dam,C,7.2,4.0,288.0,7.6,27.0,15.0,1.163,,170000.0
2020,7,4,Duenas Bridge,C,7.4,4.0,387.0,7.4,28.1,20.0,0.079,,540000.0
2020,7,5,Downstream Passi II,C,6.4,5.0,146.0,7.1,26.5,20.0,1.119,,920000.0
2020,7,6,Downstream Passi I,C,7.0,5.0,106.0,7.2,26.9,20.0,1.31,,540000.0
2020,7,7,Upstream Passi I,C,6.2,6.0,133.0,7.0,26.4,20.0,2.287,,920000.0
2020,7,8,Calinog Bridge (Class A),A,7.0,4.0,86.0,6.6,25.3,20.0,8.504,,79000.0
2020,7,9,"Alibunan Bridge, Upstream of Confluence (Class A)",A,5.2,2.0,103.0,6.8,25.8,10.0,0.789,,79000.0
2020,8,1,"Inland Fisheries, Leganes",C,9.4,3.0,38.0,7.3,30.8,30.0,0.196,,33000.0
2020,8,10,Alibunan Upstream (Class A),A,9.3,2.0,59.0,7.9,27.9,5.0,0.337,,79000.0
2020,8,2,Barotac Nuevo Bridge,C,9.8,5.0,53.0,7.6,28.5,20.0,0.05,,130000.0
2020,8,3,Moroboro Dam,C,10.0,5.0,43.0,7.5,28.0,20.0,0.094,,130000.0
2020,8,4,Duenas Bridge,C,10.0,4.0,82.0,7.3,29.6,20.0,6.644,,79000.0
2020,8,5,Downstream Passi II,C,8.4,5.0,206.0,7.0,27.8,20.0,0.017,,240000.0
2020,8,6,Downstream Passi I,C,9.6,5.0,186.0,7.3,27.3,20.0,5.526,,170000.0
2020,8,7,Upstream Passi I,C,9.0,5.0,192.0,7.6,27.5,20.0,5.534,,920000.0
2020,8,8,Calinog Bridge (Class A),A,8.8,3.0,118.0,8.0,26.7,10.0,0.439,,6000.0
2020,8,9,"Alibunan Bridge, Upstream of Confluence (Class A)",A,9.2,2.0,124.0,8.1,27.6,5.0,0.531,,4000.0
2020,9,1,"Inland Fisheries, Leganes",C,4.4,6.0,231.8,7.4,26.0,25.0,6.583,,130000.0
2020,9,10,Alibunan Upstream (Class A),A,5.2,3.0,30.4,7.4,24.5,5.0,0.627,,22000.0
2020,9,2,Barotac Nuevo Bridge,C,4.6,7.0,337.0,7.3,25.1,25.0,9.036,,350000.0
2020,9,3,Moroboro Dam,C,5.0,4.0,115.1,7.3,24.3,25.0,12.466,,130000.0
2020,9,4,Duenas Bridge,C,4.5,4.0,183.4,7.3,24.4,25.0,0.672,,240000.0
2020,9,5,Downstream Passi II,C,4.2,4.0,197.3,7.0,24.6,25.0,6.41,,350000.0
2020,9,6,Downstream Passi I,C,4.2,7.0,166.0,7.0,24.5,25.0,1.107,,540000.0
2020,9,7,Upstream Passi I,C,4.1,3.0,199.8,7.1,24.5,25.0,1.202,,540000.0
2020,9,8,Calinog Bridge (Class A),A,5.2,2.0,106.6,8.1,24.5,10.0,6.659,,79000.0
2020,9,9,"Alibunan Bridge, Upstream of Confluence (Class A)",A,5.2,1.0,121.6,7.5,24.5,5.0,0.599,,70000.0
2020,10,1,"Inland Fisheries, Leganes",C,7.6,3.0,36.0,7.3,28.8,10.0,0.451,,79000.0
2020,10,10,Alibunan Upstream (Class A),A,7.6,1.0,4.0,7.7,25.2,15.0,0.582,,16790.0
2020,10,2,Barotac Nuevo Bridge,C,6.6,4.0,39.0,7.4,28.1,10.0,0.428,,7800.0
2020,10,3,Moroboro Dam,C,8.0,4.0,18.0,7.5,27.7,10.0,0.453,,7800.0
2020,10,4,Duenas Bridge,C,8.2,2.0,52.0,7.2,27.8,10.0,1.55,,9300.0
2020,10,5,Downstream Passi II,C,6.9,5.0,44.0,7.2,26.2,20.0,1.235,,70000.0
2020,10,6,Downstream Passi I,C,7.4,6.0,45.0,7.5,26.1,20.0,1.138,,79000.0
2020,10,7,Upstream Passi I,C,8.0,5.0,37.0,7.6,26.0,20.0,1.285,,79000.0
2020,10,8,Calinog Bridge (Class A),A,9.0,3.0,35.0,7.8,25.1,15.0,0.81,,17000.0
2020,10,9,"Alibunan Bridge, Upstream of Confluence (Class A)",A,8.2,2.0,47.0,8.1,24.7,10.0,0.826,,11000.0
2021,1,1,"Inland Fisheries, Leganes",C,7.0,5.0,44.0,8.0,29.0,15.0,,0.124,6800.0
2021,1,10,Alibunan Upstream (Class A),A,7.8,4.0,159.0,8.0,27.0,10.0,,0.147,17000.0
2021,1,2,Barotac Nuevo Bridge,C,7.2,3.0,89.0,8.0,30.0,10.0,,0.168,33000.0
2021,1,3,Moroboro Dam,C,6.2,4.0,20.0,8.0,29.0,10.0,,0.025,33000.0
2021,1,4,Duenas Bridge,C,7.5,4.0,86.0,8.0,29.0,10.0,,0.17,23000.0
2021,1,5,Downstream Passi II,C,6.5,4.0,59.0,8.0,28.0,10.0,,0.122,33000.0
2021,1,6,Downstream Passi I,C,7.7,3.0,69.0,7.0,27.0,10.0,,0.134,79000.0
2021,1,7,Upstream Passi I,C,7.5,4.0,64.0,8.0,26.0,10.0,,0.156,79000.0
2021,1,8,Calinog Bridge (Class A),A,7.9,3.0,121.0,7.0,26.0,10.0,,0.278,22000.0
2021,1,9,"Alibunan Bridge, Upstream of Confluence (Class A)",A,7.8,2.0,102.0,8.0,27.0,5.0,,0.18,13000.0
2021,2,1,"Inland Fisheries, Leganes",C,7.8,3.0,89.0,8.0,27.0,10.0,,0.134,79000.0
2021,2,10,Alibunan Upstream (Class A),A,8.8,2.0,236.0,8.0,25.0,5.0,,0.202,49000.0
2021,2,2,Barotac Nuevo Bridge,C,8.3,5.0,135.0,8.0,27.0,10.0,,0.232,33000.0
2021,2,3,Moroboro Dam,C,8.0,3.0,78.0,8.0,26.0,10.0,,0.114,46000.0
2021,2,4,Duenas Bridge,C,7.9,3.0,285.0,8.0,27.0,10.0,,0.293,49000.0
2021,2,5,Downstream Passi II,C,8.0,4.0,223.0,8.0,26.0,10.0,,0.223,130000.0
2021,2,6,Downstream Passi I,C,8.4,4.0,210.0,8.0,26.0,10.0,,0.195,920000.0
2021,2,7,Upstream Passi I,C,7.8,4.0,210.0,8.0,26.0,10.0,,0.213,540000.0
2021,2,8,Calinog Bridge (Class A),A,8.3,2.0,15.0,9.0,25.0,5.0,,0.277,240000.0
2021,2,9,"Alibunan Bridge, Upstream of Confluence (Class A)",A,8.5,1.0,564.0,8.0,24.0,5.0,,0.533,240000.0
2021,3,1,"Inland Fisheries, Leganes",C,6.8,1.0,77.0,7.0,30.0,5.0,,0.04,4500.0
2021,3,10,Alibunan Upstream (Class A),A,7.4,2.0,116.0,7.0,28.0,10.0,,0.094,240000.0
2021,3,2,Barotac Nuevo Bridge,C,7.2,2.0,185.0,7.0,30.0,10.0,,0.189,11000.0
2021,3,3,Moroboro Dam,C,7.4,4.0,117.0,7.0,31.0,10.0,,0.166,23000.0
2021,3,4,Duenas Bridge,C,7.4,4.0,182.0,7.0,31.0,10.0,,0.165,23000.0
2021,3,5,Downstream Passi II,C,7.8,2.0,144.0,7.0,31.0,10.0,,0.233,22000.0
2021,3,6,Downstream Passi I,C,7.4,3.0,119.0,7.0,31.0,10.0,,0.15,49000.0
2021,3,7,Upstream Passi I,C,7.2,2.0,135.0,7.0,31.0,10.0,,0.134,79000.0
2021,3,8,Calinog Bridge (Class A),A,7.9,1.0,167.0,7.0,28.0,10.0,,0.103,23000.0
2021,3,9,"Alibunan Bridge, Upstream of Confluence (Class A)",A,7.8,1.0,287.0,7.0,28.0,10.0,,0.112,240000.0
2021,4,1,"Inland Fisheries, Leganes",C,9.0,4.0,14.0,7.0,29.0,15.0,,0.03,4000.0
2021,4,10,Alibunan Upstream (Class A),A,9.8,2.0,8.0,7.0,26.0,10.0,,0.095,170000.0
2021,4,2,Barotac Nuevo Bridge,C,7.8,3.0,52.0,7.0,28.0,20.0,,0.193,7800.0
2021,4,3,Moroboro Dam,C,8.9,4.0,28.0,7.0,28.0,20.0,,0.116,7800.0
2021,4,4,Duenas Bridge,C,8.0,3.0,129.0,7.0,28.0,20.0,,0.218,13000.0
2021,4,5,Downstream Passi II,C,7.6,10.0,95.0,7.0,28.0,20.0,,0.367,230000.0
2021,4,6,Downstream Passi I,C,8.4,4.0,41.0,7.0,27.0,20.0,,0.48,45000.0
2021,4,7,Upstream Passi I,C,8.0,3.0,33.0,7.0,26.0,20.0,,0.49,220000.0
2021,4,8,Calinog Bridge (Class A),A,8.8,2.0,26.0,7.0,26.0,15.0,,0.192,49000.0
2021,4,9,"Alibunan Bridge, Upstream of Confluence (Class A)",A,8.7,2.0,32.0,7.0,26.0,10.0,,1.881,23000.0
2021,5,1,"Inland Fisheries, Leganes",C,7.5,2.0,7.0,7.0,31.0,10.0,,0.144,4500.0
2021,5,10,Alibunan Upstream (Class A),A,6.7,1.0,14.0,7.0,29.0,10.0,,0.145,33000.0
2021,5,2,Barotac Nuevo Bridge,C,6.9,3.0,60.0,7.0,31.0,10.0,,0.246,49000.0
2021,5,3,Moroboro Dam,C,5.9,3.0,18.0,7.0,31.0,20.0,,0.219,23000.0
2021,5,4,Duenas Bridge,C,6.0,4.0,87.0,7.0,31.0,20.0,,0.215,49000.0
2021,5,5,Downstream Passi II,C,5.9,2.0,103.0,7.0,31.0,20.0,,0.205,49000.0
2021,5,6,Downstream Passi I,C,6.0,3.0,169.0,7.0,30.0,10.0,,0.176,79000.0
2021,5,7,Upstream Passi I,C,6.3,4.0,154.0,7.0,30.0,20.0,,0.194,33000.0
2021,5,8,Calinog Bridge (Class A),A,6.6,2.0,49.0,7.0,28.0,20.0,,0.186,540000.0
2021,5,9,"Alibunan Bridge, Upstream of Confluence (Class A)",A,6.6,3.0,696.0,7.0,29.0,10.0,,0.216,79000.0
2021,6,1,"Inland Fisheries, Leganes",C,5.3,5.0,310.0,8.0,28.0,5.0,,0.176,240000.0
2021,6,10,Alibunan Upstream (Class A),A,7.6,2.0,140.0,8.0,28.0,15.0,,0.134,33000.0
2021,6,2,Barotac Nuevo Bridge,C,5.9,6.0,427.0,8.0,28.0,5.0,,0.173,130000.0
2021,6,3,Moroboro Dam,C,6.6,6.0,175.0,8.0,28.0,10.0,,0.267,49000.0
2021,6,4,Duenas Bridge,C,6.6,6.0,373.0,7.0,28.0,10.0,,0.209,240000.0
2021,6,5,Downstream Passi II,C,7.5,5.0,338.0,8.0,28.0,10.0,,0.228,920000.0
2021,6,6,Downstream Passi I,C,6.6,6.0,299.0,8.0,28.0,5.0,,0.215,540000.0
2021,6,7,Upstream Passi I,C,8.4,5.0,358.0,7.0,28.0,10.0,,0.243,130000.0
2021,6,8,Calinog Bridge (Class A),A,7.4,3.0,227.0,7.0,28.0,10.0,,0.21,240000.0
2021,6,9,"Alibunan Bridge, Upstream of Confluence (Class A)",A,6.5,5.0,383.0,7.0,28.0,15.0,,0.16,23000.0
2021,7,1,"Inland Fisheries, Leganes",C,7.2,4.0,876.0,7.0,29.0,20.0,,0.04,23000.0
2021,7,10,Alibunan Upstream (Class A),A,7.5,1.0,203.0,7.0,27.0,10.0,,0.125,240000.0
2021,7,2,Barotac Nuevo Bridge,C,6.4,3.0,724.0,7.0,28.0,20.0,,0.092,49000.0
2021,7,3,Moroboro Dam,C,8.4,2.0,244.0,7.0,28.0,15.0,,0.081,79000.0
2021,7,4,Duenas Bridge,C,8.4,3.0,553.0,7.0,28.0,10.0,,0.145,79000.0
2021,7,5,Downstream Passi II,C,8.5,2.0,562.0,7.0,28.0,15.0,,0.133,33000.0
2021,7,6,Downstream Passi I,C,7.8,2.0,462.0,7.0,28.0,15.0,,0.136,49000.0
2021,7,7,Upstream Passi I,C,7.6,3.0,518.0,7.0,27.0,15.0,,0.141,79000.0
2021,7,8,Calinog Bridge (Class A),A,7.0,1.0,341.0,7.0,26.0,10.0,,0.23,70000.0
2021,7,9,"Alibunan Bridge, Upstream of Confluence (Class A)",A,7.7,2.0,252.0,7.0,26.0,10.0,,0.123,240000.0
2021,8,1,"Inland Fisheries, Leganes",C,9.1,1.0,16.0,7.0,32.0,20.0,,0.331,79000.0
2021,8,10,Alibunan Upstream (Class A),A,9.2,1.0,17.0,7.0,26.0,10.0,,0.111,23000.0
2021,8,2,Barotac Nuevo Bridge,C,9.2,1.0,118.0,7.0,30.0,20.0,,0.22,49000.0
2021,8,3,Moroboro Dam,C,9.2,1.0,27.0,7.0,30.0,15.0,,0.153,540000.0
2021,8,4,Duenas Bridge,C,9.1,1.0,143.0,7.0,29.0,20.0,,0.305,350000.0
2021,8,5,Downstream Passi II,C,8.2,1.0,184.0,7.0,29.0,20.0,,0.145,49000.0
2021,8,6,Downstream Passi I,C,9.2,1.0,161.0,7.0,30.0,20.0,,0.122,49000.0
2021,8,7,Upstream Passi I,C,9.2,1.0,154.0,7.0,29.0,20.0,,0.119,350000.0
2021,8,8,Calinog Bridge (Class A),A,9.4,1.0,226.0,7.0,26.0,20.0,,0.104,350000.0
2021,8,9,"Alibunan Bridge, Upstream of Confluence (Class A)",A,9.0,1.0,48.0,7.0,26.0,10.0,,0.07,240000.0
2021,9,1,"Inland Fisheries, Leganes",C,8.3,4.0,165.0,7.0,31.0,10.0,,0.386,49000.0
2021,9,10,Alibunan Upstream (Class A),A,7.1,1.0,30.0,8.0,29.0,5.0,,0.166,33000.0
2021,9,2,Barotac Nuevo Bridge,C,8.6,4.0,128.0,7.0,31.0,10.0,,0.463,23000.0
2021,9,3,Moroboro Dam,C,6.5,3.0,61.0,7.0,31.0,10.0,,0.221,7800.0
2021,9,4,Duenas Bridge,C,7.5,4.0,195.0,7.0,31.0,20.0,,0.632,7800.0
2021,9,5,Downstream Passi II,C,7.2,3.0,70.0,7.0,30.0,15.0,,0.338,49000.0
2021,9,6,Downstream Passi I,C,7.6,5.0,92.0,7.0,31.0,10.0,,0.252,14000.0
2021,9,7,Upstream Passi I,C,6.7,2.0,64.0,7.0,30.0,10.0,,0.371,130000.0
2021,9,8,Calinog Bridge (Class A),A,8.3,3.0,43.0,7.0,28.0,20.0,,0.267,33000.0
2021,9,9,"Alibunan Bridge, Upstream of Confluence (Class A)",A,8.8,5.0,27.0,8.0,29.0,10.0,,0.227,23000.0
2021,10,1,"Inland Fisheries, Leganes",C,7.1,2.0,748.0,7.0,29.0,10.0,,0.285,21371.0
2021,10,10,Alibunan Upstream (Class A),A,8.9,2.0,81.0,7.0,26.0,5.0,,0.111,57379.0
2021,10,2,Barotac Nuevo Bridge,C,7.0,3.0,1130.0,7.0,29.0,5.0,,0.748,31759.0
2021,10,3,Moroboro Dam,C,7.6,2.0,106.0,7.0,29.0,5.0,,0.703,36022.0
2021,10,4,Duenas Bridge,C,8.4,2.0,270.0,7.0,29.0,10.0,,0.332,45613.0
2021,10,5,Downstream Passi II,C,7.0,1.0,236.0,7.0,28.0,10.0,,0.512,75268.0
2021,10,6,Downstream Passi I,C,8.5,3.0,112.0,7.0,28.0,5.0,,0.532,84926.0
2021,10,7,Upstream Passi I,C,8.7,2.0,216.0,7.0,27.0,5.0,,0.535,131091.0
2021,10,8,Calinog Bridge (Class A),A,7.9,2.0,146.0,7.0,26.0,5.0,,0.356,94887.0
2021,10,9,"Alibunan Bridge, Upstream of Confluence (Class A)",A,9.4,4.0,140.0,7.0,26.0,5.0,,0.225,70210.0
2021,11,1,"Inland Fisheries, Leganes",C,8.9,3.0,324.0,7.0,28.0,12.0,,0.136,4000.0
2021,11,10,Alibunan Upstream (Class A),A,8.9,3.0,22.0,6.0,26.0,9.0,,0.124,17000.0
2021,11,2,Barotac Nuevo Bridge,C,9.0,5.0,639.0,6.0,28.0,12.0,,0.137,7800.0
2021,11,3,Moroboro Dam,C,8.8,7.0,570.0,6.0,27.0,12.5,,0.139,7800.0
2021,11,4,Duenas Bridge,C,8.1,7.0,344.0,6.0,29.0,14.0,,0.151,7800.0
2021,11,5,Downstream Passi II,C,8.1,4.0,276.0,6.0,28.0,14.0,,0.439,22000.0
2021,11,6,Downstream Passi I,C,9.3,3.0,292.0,6.0,28.0,11.5,,0.389,14000.0
2021,11,7,Upstream Passi I,C,8.8,3.0,354.0,7.0,28.0,13.0,,0.433,33000.0
2021,11,8,Calinog Bridge (Class A),A,9.5,3.0,155.0,6.0,27.0,12.5,,0.115,22000.0
2021,11,9,"Alibunan Bridge, Upstream of Confluence (Class A)",A,9.2,1.0,101.0,6.0,25.0,9.0,,0.527,13000.0
2021,12,1,"Inland Fisheries, Leganes",C,8.5,3.0,19.0,7.0,31.0,5.0,,0.166,240000.0
2021,12,10,Alibunan Upstream (Class A),A,9.9,2.0,33.0,7.0,29.0,5.0,,0.132,240000.0
2021,12,2,Barotac Nuevo Bridge,C,8.9,3.0,45.0,7.0,31.0,5.0,,0.26,130000.0
2021,12,3,Moroboro Dam,C,9.5,3.0,29.0,7.0,30.0,5.0,,0.2,540000.0
2021,12,4,Duenas Bridge,C,8.8,2.0,52.0,7.0,31.0,10.0,,0.258,350000.0
2021,12,5,Downstream Passi II,C,8.4,4.0,145.0,7.0,31.0,10.0,,0.268,920000.0
2021,12,6,Downstream Passi I,C,9.3,3.0,127.0,7.0,28.0,5.0,,0.253,920000.0
2021,12,7,Upstream Passi I,C,9.5,3.0,149.0,7.0,29.0,5.0,,0.275,540000.0
2021,12,8,Calinog Bridge (Class A),A,9.8,3.0,21.0,7.0,28.0,5.0,,0.211,540000.0
2021,12,9,"Alibunan Bridge, Upstream of Confluence (Class A)",A,9.3,3.0,206.0,7.0,29.0,5.0,,0.387,240000.0
2022,1,1,"Inland Fisheries, Leganes",C,7.8,1.0,17.0,6.0,27.0,5.0,,0.041,7800.0
2022,1,10,Alibunan Upstream (Class A),A,8.5,1.0,348.0,6.0,27.0,5.0,,0.33,11000.0
2022,1,2,Barotac Nuevo Bridge,C,8.2,2.0,83.0,6.0,27.0,5.0,,0.16,49000.0
2022,1,3,Moroboro Dam,C,4.5,4.0,25.0,6.0,26.0,5.0,,0.063,79000.0
2022,1,4,Duenas Bridge,C,7.8,1.0,109.0,6.0,26.0,5.0,,0.253,7800.0
2022,1,5,Downstream Passi II,C,6.8,3.0,176.0,6.0,26.0,15.0,,0.214,240000.0
2022,1,6,Downstream Passi I,C,7.6,2.0,153.0,6.0,27.0,15.0,,0.276,79000.0
2022,1,7,Upstream Passi I,C,7.6,5.0,148.0,6.0,27.0,15.0,,0.268,49000.0
2022,1,8,Calinog Bridge (Class A),A,8.1,1.0,112.0,6.0,27.0,5.0,,0.359,79000.0
2022,1,9,"Alibunan Bridge, Upstream of Confluence (Class A)",A,9.3,2.0,13.0,6.0,28.0,5.0,,0.105,17000.0
2022,2,1,"Inland Fisheries, Leganes",C,8.4,1.0,20.0,6.0,29.0,5.0,,0.039,4900.0
2022,2,10,Alibunan Upstream (Class A),A,8.1,1.0,102.0,6.0,26.0,10.0,,0.379,7000.0
2022,2,2,Barotac Nuevo Bridge,C,8.3,1.0,28.0,6.0,29.0,5.0,,0.374,11000.0
2022,2,3,Moroboro Dam,C,4.2,2.0,25.0,7.0,29.0,5.0,,0.096,24000.0
2022,2,4,Duenas Bridge,C,7.8,1.0,121.0,6.0,29.0,5.0,,0.189,3300.0
2022,2,5,Downstream Passi II,C,7.3,3.0,233.0,7.0,28.0,10.0,,0.038,24000.0
2022,2,6,Downstream Passi I,C,7.0,2.0,221.0,6.0,28.0,10.0,,0.063,35000.0
2022,2,7,Upstream Passi I,C,7.7,2.0,195.0,6.0,28.0,10.0,,0.573,54000.0
2022,2,8,Calinog Bridge (Class A),A,8.0,1.0,184.0,6.0,26.0,10.0,,0.634,54000.0
2022,2,9,"Alibunan Bridge, Upstream of Confluence (Class A)",A,8.6,1.0,9.0,6.0,26.0,10.0,,0.075,4900.0
2022,3,1,"Inland Fisheries, Leganes",C,7.2,4.0,160.0,6.0,29.0,40.0,,0.045,23000.0
2022,3,10,Alibunan Upstream (Class A),A,9.2,3.0,234.0,6.0,25.0,20.0,,0.057,49000.0
2022,3,2,Barotac Nuevo Bridge,C,7.3,4.0,1107.0,6.0,29.0,20.0,,0.078,23000.0
2022,3,3,Moroboro Dam,C,4.6,4.0,179.0,6.0,27.0,10.0,,0.104,33000.0
2022,3,4,Duenas Bridge,C,8.1,4.0,947.0,6.0,28.0,30.0,,0.101,33000.0
2022,3,5,Downstream Passi II,C,8.5,3.0,484.0,6.0,27.0,40.0,,0.256,14000.0
2022,3,6,Downstream Passi I,C,7.8,5.0,536.0,6.0,27.0,30.0,,0.258,23000.0
2022,3,7,Upstream Passi I,C,8.8,4.0,808.0,6.0,26.0,80.0,,0.214,49000.0
2022,3,8,Calinog Bridge (Class A),A,8.8,3.0,238.0,6.0,26.0,20.0,,0.429,17000.0
2022,3,9,"Alibunan Bridge, Upstream of Confluence (Class A)",A,9.0,1.0,73.0,6.0,26.0,10.0,,0.105,22000.0
2022,4,1,"Inland Fisheries, Leganes",C,7.5,2.0,6.0,7.0,31.0,5.0,,0.047,4900.0
2022,4,10,Alibunan Upstream (Class A),A,8.3,1.0,11.0,7.0,28.0,5.0,,0.088,3300.0
2022,4,2,Barotac Nuevo Bridge,C,7.8,1.0,49.0,7.0,31.0,10.0,,0.06,7900.0
2022,4,3,Moroboro Dam,C,6.2,1.0,19.0,7.0,30.0,5.0,,0.023,3300.0
2022,4,4,Duenas Bridge,C,7.6,1.0,40.0,7.0,30.0,5.0,,0.126,2300.0
2022,4,5,Downstream Passi II,C,8.3,1.0,69.0,7.0,31.0,5.0,,0.206,7900.0
2022,4,6,Downstream Passi I,C,7.4,1.0,93.0,7.0,29.0,10.0,,0.087,4900.0
2022,4,7,Upstream Passi I,C,9.7,2.0,87.0,7.0,29.0,10.0,,0.296,4900.0
2022,4,8,Calinog Bridge (Class A),A,7.5,1.0,308.0,7.0,27.0,5.0,,0.326,17000.0
2022,4,9,"Alibunan Bridge, Upstream of Confluence (Class A)",A,8.0,1.0,290.0,7.0,26.0,5.0,,0.572,7000.0
2022,5,1,"Inland Fisheries, Leganes",C,8.4,2.0,9.0,6.0,33.0,5.0,,0.031,450.0
2022,5,10,Alibunan Upstream (Class A),A,8.8,1.0,12.0,7.0,29.0,5.0,,0.101,4600.0
2022,5,2,Barotac Nuevo Bridge,C,9.5,3.0,30.0,6.0,33.0,5.0,,0.137,1700.0
2022,5,3,Moroboro Dam,C,2.8,3.0,29.0,6.0,33.0,10.0,,0.045,450.0
2022,5,4,Duenas Bridge,C,7.9,1.0,137.0,7.0,33.0,5.0,,0.17,200.0
2022,5,5,Downstream Passi II,C,8.7,2.0,37.0,6.0,32.0,5.0,,0.088,4900.0
2022,5,6,Downstream Passi I,C,8.7,2.0,33.0,6.0,31.0,5.0,,0.042,2300.0
2022,5,7,Upstream Passi I,C,8.9,1.0,28.0,6.0,31.0,10.0,,0.101,14000.0
2022,5,8,Calinog Bridge (Class A),A,9.2,1.0,75.0,7.0,29.0,5.0,,0.256,4900.0
2022,5,9,"Alibunan Bridge, Upstream of Confluence (Class A)",A,8.9,1.0,12.0,7.0,30.0,10.0,,0.552,4900.0
2022,6,1,"Inland Fisheries, Leganes",C,7.1,2.0,161.0,7.0,30.0,30.0,,0.042,490.0
2022,6,10,Alibunan Upstream (Class A),A,9.7,1.0,66.0,6.0,27.0,15.0,,0.059,13000.0
2022,6,2,Barotac Nuevo Bridge,C,6.8,3.0,530.0,7.0,31.0,40.0,,0.184,7900.0
2022,6,3,Moroboro Dam,C,7.2,2.0,96.0,7.0,29.0,20.0,,0.343,3500.0
2022,6,4,Duenas Bridge,C,8.4,2.0,242.0,7.0,30.0,30.0,,0.179,9200.0
2022,6,5,Downstream Passi II,C,8.3,3.0,230.0,7.0,28.0,20.0,,0.075,24000.0
2022,6,6,Downstream Passi I,C,6.3,2.0,201.0,7.0,28.0,20.0,,0.668,35000.0
2022,6,7,Upstream Passi I,C,12.1,3.0,170.0,7.0,29.0,20.0,,0.087,35000.0
2022,6,8,Calinog Bridge (Class A),A,8.6,1.0,188.0,7.0,27.0,20.0,,0.119,54000.0
2022,6,9,"Alibunan Bridge, Upstream of Confluence (Class A)",A,8.8,1.0,169.0,7.0,27.0,20.0,,0.007,7900.0
2022,7,1,"Inland Fisheries, Leganes",C,8.5,6.0,1004.0,7.0,29.0,25.0,,0.332,160000.0
2022,7,10,Alibunan Upstream (Class A),A,8.6,2.0,633.0,7.0,27.0,10.0,,0.358,22000.0
2022,7,2,Barotac Nuevo Bridge,C,7.3,2.0,579.0,7.0,29.0,20.0,,0.362,24000.0
2022,7,3,Moroboro Dam,C,5.6,1.0,119.0,7.0,30.0,20.0,,0.378,16000.0
2022,7,4,Duenas Bridge,C,7.8,1.0,316.0,7.0,31.0,10.0,,0.166,5400.0
2022,7,5,Downstream Passi II,C,8.1,2.0,441.0,7.0,30.0,20.0,,0.144,24000.0
2022,7,6,Downstream Passi I,C,8.7,2.0,427.0,7.0,30.0,25.0,,0.126,92000.0
2022,7,7,Upstream Passi I,C,8.3,3.0,466.0,7.0,30.0,20.0,,0.137,54000.0
2022,7,8,Calinog Bridge (Class A),A,8.6,2.0,514.0,7.0,28.0,20.0,,0.226,11000.0
2022,7,9,"Alibunan Bridge, Upstream of Confluence (Class A)",A,9.8,2.0,347.0,7.0,27.0,15.0,,0.271,17000.0
2022,8,1,"Inland Fisheries, Leganes",C,8.0,1.0,59.0,7.0,31.0,15.0,,0.176,13000.0
2022,8,10,Alibunan Upstream (Class A),A,8.8,1.0,257.0,7.0,28.0,10.0,,0.461,24000.0
2022,8,2,Barotac Nuevo Bridge,C,8.8,1.0,176.0,7.0,32.0,20.0,,0.491,13000.0
2022,8,3,Moroboro Dam,C,7.2,1.0,152.0,7.0,32.0,20.0,,0.198,17000.0
2022,8,4,Duenas Bridge,C,7.3,2.0,391.0,7.0,31.0,30.0,,0.489,24000.0
2022,8,5,Downstream Passi II,C,8.8,1.0,334.0,7.0,31.0,20.0,,0.122,24000.0
2022,8,6,Downstream Passi I,C,7.9,1.0,349.0,7.0,31.0,20.0,,0.15,13000.0
2022,8,7,Upstream Passi I,C,8.0,1.0,324.0,7.0,30.0,20.0,,0.122,7900.0
2022,8,8,Calinog Bridge (Class A),A,9.0,2.0,626.0,7.0,29.0,20.0,,0.323,13000.0
2022,8,9,"Alibunan Bridge, Upstream of Confluence (Class A)",A,8.5,1.0,744.0,7.0,29.0,20.0,,0.359,4900.0
2022,9,1,"Inland Fisheries, Leganes",C,7.1,2.0,150.0,6.5,28.0,20.0,,0.312,35000.0
2022,9,10,Alibunan Upstream (Class A),A,8.7,2.0,90.0,6.5,28.0,15.0,,0.21,24000.0
2022,9,2,Barotac Nuevo Bridge,C,8.0,3.0,398.0,6.5,29.0,20.0,,0.162,160000.0
2022,9,3,Moroboro Dam,C,9.2,2.0,70.0,6.6,28.0,15.0,,0.072,22000.0
2022,9,4,Duenas Bridge,C,7.7,2.0,337.0,6.6,29.0,20.0,,0.177,35000.0
2022,9,5,Downstream Passi II,C,8.8,2.0,595.0,6.6,28.0,20.0,,0.165,54000.0
2022,9,6,Downstream Passi I,C,8.6,2.0,645.0,6.5,28.0,20.0,,0.095,92000.0
2022,9,7,Upstream Passi I,C,8.6,3.0,801.0,6.5,27.0,20.0,,0.162,17000.0
2022,9,8,Calinog Bridge (Class A),A,8.7,2.0,758.0,6.6,28.0,10.0,,0.235,35000.0
2022,9,9,"Alibunan Bridge, Upstream of Confluence (Class A)",A,9.2,2.0,488.0,6.6,28.0,10.0,,0.207,92000.0
2022,10,1,"Inland Fisheries, Leganes",C,7.5,3.0,287.0,6.0,29.0,20.0,,0.181,54000.0
2022,10,10,Alibunan Upstream (Class A),A,8.2,1.0,31.0,6.0,33.0,10.0,,0.204,160000.0
2022,10,2,Barotac Nuevo Bridge,C,7.3,4.0,252.0,6.0,29.0,30.0,,0.125,35000.0
2022,10,3,Moroboro Dam,C,6.6,3.0,107.0,6.0,29.0,40.0,,0.094,11000.0
2022,10,4,Duenas Bridge,C,8.9,4.0,341.0,6.0,30.0,25.0,,0.094,92000.0
2022,10,5,Downstream Passi II,C,8.2,3.0,229.0,6.0,30.0,30.0,,0.13,54000.0
2022,10,6,Downstream Passi I,C,7.8,3.0,213.0,6.0,30.0,40.0,,0.335,54000.0
2022,10,7,Upstream Passi I,C,7.7,3.0,239.0,6.0,30.0,30.0,,0.119,92000.0
2022,10,8,Calinog Bridge (Class A),A,8.8,3.0,138.0,6.0,30.0,15.0,,0.243,22000.0
2022,10,9,"Alibunan Bridge, Upstream of Confluence (Class A)",A,7.9,2.0,317.0,6.0,30.0,10.0,,0.28,3300.0
2022,11,1,"Inland Fisheries, Leganes",C,7.6,1.0,12.0,7.0,29.0,5.0,,0.086,7800.0
2022,11,10,Alibunan Upstream (Class A),A,10.2,1.0,6.0,7.0,28.0,5.0,,0.082,46000.0
2022,11,2,Barotac Nuevo Bridge,C,7.3,3.0,32.0,7.0,30.0,5.0,,0.323,2000.0
2022,11,3,Moroboro Dam,C,6.4,1.0,11.0,7.0,30.0,5.0,,0.147,23000.0
2022,11,4,Duenas Bridge,C,7.4,2.0,46.0,7.0,30.0,5.0,,0.247,2000.0
2022,11,5,Downstream Passi II,C,7.1,2.0,108.0,7.0,30.0,5.0,,0.347,130000.0
2022,11,6,Downstream Passi I,C,7.5,2.0,80.0,7.0,30.0,5.0,,0.293,79000.0
2022,11,7,Upstream Passi I,C,6.7,2.0,127.0,7.0,30.0,10.0,,0.367,23000.0
2022,11,8,Calinog Bridge (Class A),A,8.7,3.0,210.0,7.0,26.0,5.0,,0.434,220000.0
2022,11,9,"Alibunan Bridge, Upstream of Confluence (Class A)",A,9.2,1.0,161.0,7.0,28.0,5.0,,0.399,23000.0
2022,12,1,"Inland Fisheries, Leganes",C,7.1,3.0,56.0,,29.0,15.0,,0.121,8939.0
2022,12,10,Alibunan Upstream (Class A),A,8.1,1.0,138.0,,27.0,10.0,,0.285,24000.0
2022,12,2,Barotac Nuevo Bridge,C,6.4,4.0,188.0,,28.0,15.0,,0.223,4900.0
2022,12,3,Moroboro Dam,C,6.2,2.0,67.0,,28.0,15.0,,0.142,7900.0
2022,12,4,Duenas Bridge,C,7.5,3.0,154.0,,28.0,15.0,,0.183,24000.0
2022,12,5,Downstream Passi II,C,7.7,3.0,181.0,,27.0,15.0,,0.319,24000.0
2022,12,6,Downstream Passi I,C,7.3,3.0,168.0,,27.0,15.0,,0.218,24000.0
2022,12,7,Upstream Passi I,C,7.4,2.0,180.0,,27.0,15.0,,0.303,13000.0
2022,12,8,Calinog Bridge (Class A),A,8.8,2.0,300.0,,25.0,10.0,,0.452,13000.0
2022,12,9,"Alibunan Bridge, Upstream of Confluence (Class A)",A,8.1,1.0,844.0,,26.0,10.0,,1.116,7900.0
2023,1,1,"Inland Fisheries, Leganes",C,7.6,4.0,413.0,7.0,23.0,20.0,,0.49,33000.0
2023,1,10,Alibunan Upstream (Class A),A,9.7,1.0,488.0,7.0,20.0,10.0,,0.427,49000.0
2023,1,2,Barotac Nuevo Bridge,C,8.5,3.0,604.0,7.0,23.0,20.0,,0.521,49000.0
2023,1,3,Moroboro Dam,C,8.1,1.0,101.0,6.0,23.0,20.0,,0.181,13000.0
2023,1,4,Duenas Bridge,C,8.9,2.0,474.0,6.0,23.0,15.0,,0.386,49000.0
2023,1,5,Downstream Passi II,C,8.5,3.0,172.0,6.0,23.0,15.0,,0.223,33000.0
2023,1,6,Downstream Passi I,C,8.7,3.0,183.0,7.0,23.0,15.0,,0.216,49000.0
2023,1,7,Upstream Passi I,C,9.0,3.0,195.0,7.0,23.0,15.0,,0.214,35000.0
2023,1,8,Calinog Bridge (Class A),A,9.9,1.0,201.0,7.0,21.0,15.0,,0.253,23000.0
2023,1,9,"Alibunan Bridge, Upstream of Confluence (Class A)",A,8.6,3.0,244.0,7.0,20.0,10.0,,0.206,79000.0
2023,2,1,"Inland Fisheries, Leganes",C,8.0,4.0,30.0,7.0,25.0,10.0,,0.106,790.0
2023,2,10,Alibunan Upstream (Class A),A,9.0,1.0,556.0,7.0,24.0,10.0,,0.187,350000.0
2023,2,2,Barotac Nuevo Bridge,C,8.5,4.0,494.0,7.0,24.0,10.0,,0.343,7000.0
2023,2,3,Moroboro Dam,C,7.8,2.0,135.0,7.0,24.0,15.0,,0.135,7900.0
2023,2,4,Duenas Bridge,C,8.5,3.0,228.0,7.0,24.0,15.0,,0.182,11000.0
2023,2,5,Downstream Passi II,C,8.4,2.0,359.0,7.0,24.0,15.0,,0.201,7900.0
2023,2,6,Downstream Passi I,C,8.0,3.0,364.0,7.0,24.0,15.0,,0.206,7900.0
2023,2,7,Upstream Passi I,C,8.2,2.0,337.0,7.0,24.0,10.0,,0.197,3300.0
2023,2,8,Calinog Bridge (Class A),A,7.8,4.0,251.0,7.0,23.0,15.0,,0.18,3300.0
2023,2,9,"Alibunan Bridge, Upstream of Confluence (Class A)",A,9.1,2.0,263.0,7.0,23.0,10.0,,0.279,33000.0
2023,3,1,"Inland Fisheries, Leganes",C,7.0,2.0,35.0,8.0,29.0,5.0,,0.031,1100.0
2023,3,10,Alibunan Upstream (Class A),A,8.1,1.0,24.0,7.0,26.0,5.0,,0.106,1300.0
2023,3,2,Barotac Nuevo Bridge,C,8.5,3.0,27.0,7.0,29.0,5.0,,0.065,7900.0
2023,3,3,Moroboro Dam,C,5.4,3.0,25.0,7.0,29.0,5.0,,0.082,7900.0
2023,3,4,Duenas Bridge,C,7.1,2.0,37.0,7.0,28.0,5.0,,0.071,780.0
2023,3,5,Downstream Passi II,C,6.8,4.0,64.0,7.0,28.0,5.0,,0.164,24000.0
2023,3,6,Downstream Passi I,C,7.0,2.0,60.0,7.0,28.0,5.0,,0.194,35000.0
2023,3,7,Upstream Passi I,C,7.7,2.0,73.0,7.0,27.0,5.0,,0.179,24000.0
2023,3,8,Calinog Bridge (Class A),A,8.0,2.0,138.0,7.0,26.0,10.0,,0.338,11000.0
2023,3,9,"Alibunan Bridge, Upstream of Confluence (Class A)",A,8.3,3.0,220.0,7.0,25.0,10.0,,0.481,2300.0
2023,4,1,"Inland Fisheries, Leganes",C,7.1,2.0,10.0,8.0,33.0,5.0,,0.044,3300.0
2023,4,10,Alibunan Upstream (Class A),A,8.7,2.0,14.0,7.0,28.0,10.0,,0.102,11000.0
2023,4,2,Barotac Nuevo Bridge,C,8.8,3.0,23.0,8.0,31.0,10.0,,0.063,1700.0
2023,4,3,Moroboro Dam,C,5.8,3.0,13.0,8.0,31.0,10.0,,0.078,3300.0
2023,4,4,Duenas Bridge,C,7.9,2.0,95.0,7.0,31.0,10.0,,0.109,2200.0
2023,4,5,Downstream Passi II,C,5.1,7.0,46.0,7.0,31.0,10.0,,0.138,4900.0
2023,4,6,Downstream Passi I,C,7.8,6.0,87.0,8.0,30.0,10.0,,0.112,7900.0
2023,4,7,Upstream Passi I,C,7.9,3.0,37.0,7.0,30.0,10.0,,0.108,11000.0
2023,4,8,Calinog Bridge (Class A),A,8.2,2.0,97.0,8.0,28.0,10.0,,0.228,4900.0
2023,4,9,"Alibunan Bridge, Upstream of Confluence (Class A)",A,8.6,3.0,112.0,7.0,28.0,5.0,,0.283,3300.0
2023,5,1,"Inland Fisheries, Leganes",C,5.4,1.0,12.0,7.0,30.0,5.0,,0.041,11000.0
2023,5,10,Alibunan Upstream (Class A),A,8.4,1.0,24.0,7.0,29.0,10.0,,0.127,4600.0
2023,5,2,Barotac Nuevo Bridge,C,6.0,3.0,25.0,7.0,32.0,10.0,,0.025,13000.0
2023,5,3,Moroboro Dam,C,3.0,4.0,17.0,7.0,32.0,15.0,,0.022,92000.0
2023,5,4,Duenas Bridge,C,6.8,2.0,177.0,7.0,32.0,10.0,,0.294,92000.0
2023,5,5,Downstream Passi II,C,6.4,2.0,47.0,7.0,32.0,10.0,,0.098,17000.0
2023,5,6,Downstream Passi I,C,7.6,3.0,42.0,7.0,33.0,10.0,,0.054,92000.0
2023,5,7,Upstream Passi I,C,8.1,2.0,33.0,7.0,33.0,5.0,,0.055,92000.0
2023,5,8,Calinog Bridge (Class A),A,7.9,3.0,71.0,8.0,29.0,10.0,,0.153,92000.0
2023,5,9,"Alibunan Bridge, Upstream of Confluence (Class A)",A,7.7,1.0,189.0,7.0,29.0,10.0,,0.326,3300.0
2023,6,1,"Inland Fisheries, Leganes",C,7.2,5.0,1146.0,7.0,26.0,20.0,,0.129,24000.0
2023,6,10,Alibunan Upstream (Class A),A,7.1,2.0,34.0,7.0,29.0,5.0,,0.109,2000.0
2023,6,2,Barotac Nuevo Bridge,C,6.7,3.0,570.0,7.0,26.0,20.0,,0.141,2300.0
2023,6,3,Moroboro Dam,C,6.8,2.0,274.0,7.0,26.0,20.0,,0.265,13000.0
2023,6,4,Duenas Bridge,C,6.5,2.0,548.0,7.0,27.0,20.0,,0.52,14000.0
2023,6,5,Downstream Passi II,C,6.8,3.0,268.0,7.0,26.0,20.0,,0.025,54000.0
2023,6,6,Downstream Passi I,C,6.1,2.0,242.0,7.0,27.0,20.0,,0.174,7900.0
2023,6,7,Upstream Passi I,C,6.8,2.0,268.0,7.0,27.0,20.0,,0.09,14000.0
2023,6,8,Calinog Bridge (Class A),A,7.3,2.0,117.0,7.0,25.0,20.0,,0.12,54000.0
2023,6,9,"Alibunan Bridge, Upstream of Confluence (Class A)",A,7.4,1.0,528.0,7.0,27.0,10.0,,0.313,54000.0
2023,7,1,"Inland Fisheries, Leganes",C,7.3,3.0,1172.0,7.0,28.0,10.0,,0.647,33000.0
2023,7,10,Alibunan Upstream (Class A),A,7.7,1.0,308.0,7.0,26.0,5.0,,0.222,33000.0
2023,7,2,Barotac Nuevo Bridge,C,6.9,3.0,1378.0,7.0,28.0,10.0,,0.528,33000.0
2023,7,3,Moroboro Dam,C,7.0,2.0,650.0,8.0,28.0,20.0,,0.078,33000.0
2023,7,4,Duenas Bridge,C,7.6,1.0,1794.0,7.0,27.0,10.0,,0.128,23000.0
2023,7,5,Downstream Passi II,C,7.4,2.0,473.0,7.0,27.0,20.0,,0.274,23000.0
2023,7,6,Downstream Passi I,C,6.7,2.0,114.0,7.0,28.0,15.0,,0.06,33000.0
2023,7,7,Upstream Passi I,C,7.0,2.0,424.0,7.0,27.0,10.0,,0.167,23000.0
2023,7,8,Calinog Bridge (Class A),A,7.9,2.0,394.0,7.0,26.0,10.0,,0.169,23000.0
2023,7,9,"Alibunan Bridge, Upstream of Confluence (Class A)",A,8.8,1.0,1022.0,7.0,26.0,5.0,,0.416,23000.0
2023,8,1,"Inland Fisheries, Leganes",C,8.1,2.0,209.0,7.0,29.0,20.0,,0.113,4900.0
2023,8,10,Alibunan Upstream (Class A),A,7.1,3.0,70.0,7.0,27.0,10.0,,0.22,4900.0
2023,8,2,Barotac Nuevo Bridge,C,6.7,4.0,172.0,7.0,28.0,20.0,,0.171,2700.0
2023,8,3,Moroboro Dam,C,6.1,3.0,130.0,7.0,27.0,20.0,,0.042,1300.0
2023,8,4,Duenas Bridge,C,6.6,4.0,134.0,7.0,27.0,30.0,,0.122,13000.0
2023,8,5,Downstream Passi II,C,7.5,4.0,217.0,7.0,27.0,20.0,,0.072,3300.0
2023,8,6,Downstream Passi I,C,6.4,3.0,235.0,7.0,26.0,20.0,,0.043,2300.0
2023,8,7,Upstream Passi I,C,8.2,3.0,278.0,7.0,27.0,20.0,,0.092,4900.0
2023,8,8,Calinog Bridge (Class A),A,7.2,3.0,93.0,7.0,26.0,20.0,,0.295,3300.0
2023,8,9,"Alibunan Bridge, Upstream of Confluence (Class A)",A,7.6,2.0,211.0,7.0,27.0,10.0,,0.413,7900.0
2023,9,1,"Inland Fisheries, Leganes",C,6.9,2.0,220.0,7.0,28.0,10.0,,0.119,4900.0
2023,9,10,Alibunan Upstream (Class A),A,7.5,2.0,189.0,7.0,28.0,5.0,,0.119,3300.0
2023,9,2,Barotac Nuevo Bridge,C,7.1,2.0,202.0,7.0,29.0,5.0,,0.094,3300.0
2023,9,3,Moroboro Dam,C,5.9,3.0,64.0,7.0,29.0,15.0,,0.185,4900.0
2023,9,4,Duenas Bridge,C,7.2,2.0,141.0,7.0,30.0,10.0,,0.253,2300.0
2023,9,5,Downstream Passi II,C,7.4,2.0,310.0,7.0,29.0,20.0,,0.19,54000.0
2023,9,6,Downstream Passi I,C,6.8,3.0,260.0,7.0,29.0,10.0,,0.193,4900.0
2023,9,7,Upstream Passi I,C,7.0,2.0,343.0,7.0,29.0,20.0,,0.23,7900.0
2023,9,8,Calinog Bridge (Class A),A,8.0,2.0,103.0,7.0,28.0,15.0,,0.143,2300.0
2023,9,9,"Alibunan Bridge, Upstream of Confluence (Class A)",A,7.8,1.0,178.0,7.0,29.0,5.0,,0.135,3300.0
2023,10,1,"Inland Fisheries, Leganes",C,6.8,1.0,108.0,7.0,32.0,15.0,,0.291,13000.0
2023,10,10,Alibunan Upstream (Class A),A,7.8,1.0,144.0,7.0,28.0,10.0,,0.141,2300.0
2023,10,2,Barotac Nuevo Bridge,C,8.0,1.0,315.0,7.0,32.0,20.0,,0.483,2300.0
2023,10,3,Moroboro Dam,C,7.5,1.0,42.0,7.0,31.0,15.0,,0.307,4900.0
2023,10,4,Duenas Bridge,C,6.7,1.0,551.0,7.0,31.0,10.0,,0.221,2300.0
2023,10,5,Downstream Passi II,C,6.3,1.0,194.0,7.0,30.0,10.0,,0.124,3300.0
2023,10,6,Downstream Passi I,C,6.8,2.0,187.0,7.0,29.0,10.0,,0.128,4900.0
2023,10,7,Upstream Passi I,C,6.8,1.0,181.0,7.0,29.0,10.0,,0.125,3300.0
2023,10,8,Calinog Bridge (Class A),A,8.0,2.0,158.0,8.0,28.0,10.0,,0.146,1700.0
2023,10,9,"Alibunan Bridge, Upstream of Confluence (Class A)",A,7.8,1.0,296.0,7.0,28.0,10.0,,0.185,4900.0
2023,11,1,"Inland Fisheries, Leganes",C,6.6,1.0,49.0,7.0,31.0,10.0,,0.142,1400.0
2023,11,10,Alibunan Upstream (Class A),A,7.0,2.0,309.0,7.0,28.0,20.0,,0.065,4900.0
2023,11,2,Barotac Nuevo Bridge,C,6.7,1.0,195.0,7.0,31.0,20.0,,0.431,7900.0
2023,11,3,Moroboro Dam,C,9.2,1.0,99.0,7.0,29.0,20.0,,0.114,13000.0
2023,11,4,Duenas Bridge,C,7.1,1.0,135.0,7.0,30.0,20.0,,0.199,13000.0
2023,11,5,Downstream Passi II,C,6.9,4.0,394.0,7.0,29.0,20.0,,0.215,3300.0
2023,11,6,Downstream Passi I,C,8.4,2.0,362.0,7.0,28.0,20.0,,0.094,35000.0
2023,11,7,Upstream Passi I,C,8.6,2.0,396.0,7.0,28.0,20.0,,0.152,7900.0
2023,11,8,Calinog Bridge (Class A),A,7.4,2.0,270.0,7.0,28.0,30.0,,0.108,2200.0
2023,11,9,"Alibunan Bridge, Upstream of Confluence (Class A)",A,7.2,1.0,313.0,7.0,28.0,20.0,,0.134,3300.0
2023,12,1,"Inland Fisheries, Leganes",C,6.3,1.0,16.0,7.0,28.0,10.0,,0.123,1700.0
2023,12,10,Alibunan Upstream (Class A),A,7.9,1.0,283.0,7.0,30.0,5.0,,0.528,2200.0
2023,12,2,Barotac Nuevo Bridge,C,7.1,1.0,62.0,7.0,30.0,10.0,,0.165,4900.0
2023,12,3,Moroboro Dam,C,6.8,1.0,22.0,7.0,30.0,10.0,,0.124,3300.0
2023,12,4,Duenas Bridge,C,7.1,1.0,68.0,7.0,31.0,10.0,,0.207,1700.0
2023,12,5,Downstream Passi II,C,7.6,1.0,80.0,7.0,29.0,10.0,,0.219,1700.0
2023,12,6,Downstream Passi I,C,7.3,1.0,102.0,7.0,30.0,10.0,,0.261,1700.0
2023,12,7,Upstream Passi I,C,7.5,3.0,106.0,7.0,30.0,10.0,,0.247,2200.0
2023,12,8,Calinog Bridge (Class A),A,7.6,1.0,33.0,7.0,31.0,5.0,,0.098,4900.0
2023,12,9,"Alibunan Bridge, Upstream of Confluence (Class A)",A,8.0,1.0,109.0,7.0,30.0,5.0,,0.26,4900.0
2024,1,1,"Inland Fisheries, Leganes",C,8.1,1.0,19.0,7.0,27.0,10.0,,0.077,7900.0
2024,1,10,Alibunan Upstream (Class A),A,8.5,1.0,9.0,7.0,26.0,10.0,,0.083,92000.0
2024,1,2,Barotac Nuevo Bridge,C,8.2,1.0,43.0,7.0,27.0,10.0,,0.113,3300.0
2024,1,3,Moroboro Dam,C,8.1,1.0,41.0,7.0,26.0,10.0,,0.143,54000.0
2024,1,4,Duenas Bridge,C,8.4,1.0,191.0,7.0,27.0,10.0,,0.377,92000.0
2024,1,5,Downstream Passi II,C,7.8,1.0,140.0,7.0,26.0,10.0,,0.284,11000.0
2024,1,6,Downstream Passi I,C,8.1,1.0,108.0,7.0,26.0,10.0,,0.206,92000.0
2024,1,7,Upstream Passi I,C,8.0,1.0,62.0,7.0,26.0,10.0,,0.211,35000.0
2024,1,8,Calinog Bridge (Class A),A,7.3,1.0,41.0,7.0,26.0,10.0,,0.139,7900.0
2024,1,9,"Alibunan Bridge, Upstream of Confluence (Class A)",A,8.1,1.0,93.0,7.0,25.0,10.0,,0.227,9400.0
2024,2,1,"Inland Fisheries, Leganes",C,6.8,1.0,13.0,8.0,29.0,5.0,,0.082,92000.0
2024,2,10,Alibunan Upstream (Class A),A,8.0,1.0,3.0,8.0,25.0,5.0,,0.082,3300.0
2024,2,2,Barotac Nuevo Bridge,C,8.2,1.0,26.0,7.0,29.0,5.0,,0.122,54000.0
2024,2,3,Moroboro Dam,C,4.3,1.0,16.0,7.0,28.0,5.0,,0.091,3300.0
2024,2,4,Duenas Bridge,C,8.4,1.0,47.0,8.0,27.0,5.0,,0.122,24000.0
2024,2,5,Downstream Passi II,C,7.1,2.0,189.0,8.0,28.0,5.0,,0.126,92000.0
2024,2,6,Downstream Passi I,C,7.8,2.0,214.0,7.0,28.0,5.0,,0.129,92000.0
2024,2,7,Upstream Passi I,C,7.7,1.0,214.0,8.0,27.0,5.0,,0.107,92000.0
2024,2,8,Calinog Bridge (Class A),A,8.3,1.0,43.0,8.0,26.0,5.0,,0.15,1700.0
2024,2,9,"Alibunan Bridge, Upstream of Confluence (Class A)",A,8.1,1.0,61.0,8.0,25.0,5.0,,0.143,2200.0
2024,3,1,"Inland Fisheries, Leganes",C,7.5,1.0,18.0,7.0,31.0,5.0,,0.021,230.0
2024,3,10,Alibunan Upstream (Class A),A,8.8,2.0,2.0,7.0,28.0,10.0,,0.062,630.0
2024,3,2,Barotac Nuevo Bridge,C,9.0,2.0,16.0,7.0,31.0,10.0,,0.057,230.0
2024,3,3,Moroboro Dam,C,8.1,2.0,6.0,7.0,30.0,5.0,,0.023,230.0
2024,3,4,Duenas Bridge,C,6.4,3.0,89.0,7.0,31.0,10.0,,0.169,220.0
2024,3,5,Downstream Passi II,C,4.3,6.0,54.0,7.0,31.0,10.0,,0.124,5400.0
2024,3,6,Downstream Passi I,C,8.9,4.0,19.0,7.0,31.0,10.0,,0.081,1300.0
2024,3,7,Upstream Passi I,C,9.1,2.0,13.0,7.0,31.0,10.0,,0.092,490.0
2024,3,8,Calinog Bridge (Class A),A,8.5,1.0,51.0,8.0,29.0,10.0,,0.209,490.0
2024,3,9,"Alibunan Bridge, Upstream of Confluence (Class A)",A,8.9,4.0,25.0,7.0,28.0,5.0,,0.155,490.0
2024,4,1,"Inland Fisheries, Leganes",C,7.5,2.0,8.0,7.0,32.0,5.0,,0.03,940.0
2024,4,10,Alibunan Upstream (Class A),A,8.3,3.0,21.0,7.0,31.0,10.0,,0.093,330.0
2024,4,2,Barotac Nuevo Bridge,C,8.7,3.0,11.0,7.0,33.0,10.0,,0.051,1300.0
2024,4,3,Moroboro Dam,C,9.0,3.0,20.0,7.0,32.0,10.0,,0.079,790.0
2024,4,4,Duenas Bridge,C,8.2,3.0,39.0,7.0,33.0,10.0,,0.089,1100.0
2024,4,5,Downstream Passi II,C,8.6,3.0,90.0,8.0,33.0,10.0,,0.198,1300.0
2024,4,6,Downstream Passi I,C,9.0,22.0,50.0,7.0,32.0,10.0,,0.086,790.0
2024,4,7,Upstream Passi I,C,8.9,4.0,52.0,7.0,33.0,10.0,,0.13,790.0
2024,4,8,Calinog Bridge (Class A),A,8.8,5.0,39.0,7.0,31.0,15.0,,0.111,700.0
2024,4,9,"Alibunan Bridge, Upstream of Confluence (Class A)",A,9.2,4.0,48.0,8.0,30.0,10.0,,0.135,230.0
2024,5,1,"Inland Fisheries, Leganes",C,6.9,3.0,28.0,7.0,32.0,5.0,,0.008,54000.0
2024,5,10,Alibunan Upstream (Class A),A,8.2,3.0,21.0,7.0,30.0,15.0,,0.065,54000.0
2024,5,2,Barotac Nuevo Bridge,C,8.3,2.0,13.0,7.0,32.0,15.0,,0.033,54000.0
2024,5,3,Moroboro Dam,C,9.0,4.0,12.0,7.0,33.0,10.0,,0.018,17000.0
2024,5,4,Duenas Bridge,C,8.7,5.0,113.0,7.0,34.0,15.0,,0.264,92000.0
2024,5,5,Downstream Passi II,C,7.6,5.0,35.0,7.0,31.0,15.0,,0.054,11000.0
2024,5,6,Downstream Passi I,C,8.6,5.0,43.0,7.0,29.0,10.0,,0.072,24000.0
2024,5,7,Upstream Passi I,C,8.2,5.0,49.0,7.0,29.0,15.0,,0.073,54000.0
2024,5,8,Calinog Bridge (Class A),A,7.5,4.0,55.0,7.0,30.0,15.0,,0.083,92000.0
2024,5,9,"Alibunan Bridge, Upstream of Confluence (Class A)",A,11.6,6.0,40.0,7.0,29.0,10.0,,0.041,54000.0
2024,6,1,"Inland Fisheries, Leganes",C,7.9,2.0,14.0,7.0,32.0,10.0,,0.059,54000.0
2024,6,10,Alibunan Upstream (Class A),A,9.5,2.0,38.0,7.0,28.0,20.0,,0.155,4900.0
2024,6,2,Barotac Nuevo Bridge,C,11.2,6.0,9.0,7.0,32.0,10.0,,0.08,3300.0
2024,6,3,Moroboro Dam,C,15.3,4.0,9.0,8.0,32.0,10.0,,0.025,3300.0
2024,6,4,Duenas Bridge,C,8.9,3.0,108.0,7.0,31.0,15.0,,0.254,92000.0
2024,6,5,Downstream Passi II,C,7.4,3.0,90.0,7.0,29.0,15.0,,0.236,54000.0
2024,6,6,Downstream Passi I,C,7.3,3.0,166.0,7.0,29.0,20.0,,0.253,92000.0
2024,6,7,Upstream Passi I,C,10.0,3.0,198.0,7.0,29.0,20.0,,0.241,92000.0
2024,6,8,Calinog Bridge (Class A),A,9.4,2.0,53.0,7.0,30.0,10.0,,0.171,11000.0
2024,6,9,"Alibunan Bridge, Upstream of Confluence (Class A)",A,8.9,3.0,58.0,7.0,30.0,10.0,,0.136,1100.0
2024,7,1,"Inland Fisheries, Leganes",C,6.9,4.0,746.0,7.0,28.0,50.0,,0.384,4900.0
2024,7,10,Alibunan Upstream (Class A),A,8.5,1.0,100.0,7.0,28.0,10.0,,0.212,7000.0
2024,7,2,Barotac Nuevo Bridge,C,8.4,3.0,544.0,7.0,28.0,20.0,,0.321,24000.0
2024,7,3,Moroboro Dam,C,6.5,2.0,566.0,7.0,28.0,25.0,,0.202,35000.0
2024,7,4,Duenas Bridge,C,7.8,2.0,373.0,7.0,28.0,20.0,,0.709,3300.0
2024,7,5,Downstream Passi II,C,6.5,2.0,632.0,7.0,30.0,20.0,,0.163,7900.0
2024,7,6,Downstream Passi I,C,6.4,2.0,109.0,7.0,29.0,30.0,,0.304,13000.0
2024,7,7,Upstream Passi I,C,6.7,3.0,654.0,7.0,28.0,10.0,,0.125,1700.0
2024,7,8,Calinog Bridge (Class A),A,8.4,1.0,147.0,7.0,27.0,20.0,,0.345,170000.0
2024,7,9,"Alibunan Bridge, Upstream of Confluence (Class A)",A,8.4,1.0,101.0,7.0,29.0,20.0,,0.269,3300.0
2024,8,1,"Inland Fisheries, Leganes",C,6.5,3.0,45.0,7.0,32.0,15.0,,0.15,13000.0
2024,8,10,Alibunan Upstream (Class A),A,9.1,1.0,21.0,7.0,31.0,10.0,,0.108,2300.0
2024,8,2,Barotac Nuevo Bridge,C,7.4,2.0,282.0,7.0,34.0,15.0,,0.101,17000.0
2024,8,3,Moroboro Dam,C,7.0,2.0,53.0,7.0,32.0,15.0,,0.159,4900.0
2024,8,4,Duenas Bridge,C,7.1,2.0,644.0,7.0,33.0,15.0,,0.202,7900.0
2024,8,5,Downstream Passi II,C,7.5,3.0,182.0,7.0,32.0,15.0,,0.208,7900.0
2024,8,6,Downstream Passi I,C,7.2,3.0,49.0,8.0,32.0,15.0,,0.245,4900.0
2024,8,7,Upstream Passi I,C,7.2,4.0,41.0,8.0,32.0,15.0,,0.221,17000.0
2024,8,8,Calinog Bridge (Class A),A,9.0,2.0,32.0,7.0,30.0,10.0,,0.095,2200.0
2024,8,9,"Alibunan Bridge, Upstream of Confluence (Class A)",A,8.7,2.0,108.0,7.0,33.0,10.0,,0.215,11000.0
2024,9,1,"Inland Fisheries, Leganes",C,6.8,2.0,44.0,7.0,32.0,20.0,,0.149,7900.0
2024,9,10,Alibunan Upstream (Class A),A,9.2,1.0,14.0,7.0,30.0,10.0,,0.091,4900.0
2024,9,2,Barotac Nuevo Bridge,C,7.8,2.0,120.0,7.0,32.0,15.0,,0.299,3300.0
2024,9,3,Moroboro Dam,C,6.2,2.0,37.0,7.0,31.0,20.0,,0.138,2300.0
2024,9,4,Duenas Bridge,C,7.7,1.0,236.0,7.0,31.0,10.0,,0.508,35000.0
2024,9,5,Downstream Passi II,C,7.4,2.0,53.0,7.0,31.0,15.0,,0.115,7900.0
2024,9,6,Downstream Passi I,C,8.3,2.0,66.0,7.0,30.0,15.0,,0.083,4900.0
2024,9,7,Upstream Passi I,C,7.9,2.0,49.0,7.0,30.0,15.0,,0.082,7900.0
2024,9,8,Calinog Bridge (Class A),A,8.6,2.0,42.0,7.0,27.0,10.0,,0.118,92000.0
2024,9,9,"Alibunan Bridge, Upstream of Confluence (Class A)",A,9.0,3.0,84.0,7.0,31.0,5.0,,0.113,35000.0
2024,10,1,"Inland Fisheries, Leganes",C,7.2,1.0,117.0,7.0,27.0,15.0,,0.131,54000.0
2024,10,10,Alibunan Upstream (Class A),A,8.0,1.0,69.0,7.0,26.0,10.0,,0.173,3300.0
2024,10,2,Barotac Nuevo Bridge,C,7.4,1.0,332.0,7.0,27.0,15.0,,0.138,13000.0
2024,10,3,Moroboro Dam,C,8.7,1.0,83.0,7.0,28.0,15.0,,0.197,7900.0
2024,10,4,Duenas Bridge,C,8.3,2.0,521.0,7.0,27.0,15.0,,0.181,160000.0
2024,10,5,Downstream Passi II,C,7.7,1.0,87.0,7.0,27.0,15.0,,0.178,7900.0
2024,10,6,Downstream Passi I,C,8.4,1.0,100.0,7.0,27.0,20.0,,0.155,7900.0
2024,10,7,Upstream Passi I,C,8.8,1.0,97.0,7.0,27.0,20.0,,0.181,92000.0
2024,10,8,Calinog Bridge (Class A),A,8.5,1.0,48.0,7.0,26.0,10.0,,0.136,35000.0
2024,10,9,"Alibunan Bridge, Upstream of Confluence (Class A)",A,8.4,1.0,72.0,7.0,26.0,10.0,,0.167,3300.0
2024,11,1,"Inland Fisheries, Leganes",C,9.9,2.0,14.0,7.0,33.0,10.0,,0.055,1300.0
2024,11,10,Alibunan Upstream (Class A),A,9.0,1.0,7.0,7.0,30.0,5.0,,0.085,1400.0
2024,11,2,Barotac Nuevo Bridge,C,9.2,2.0,37.0,7.0,31.0,10.0,,0.085,7000.0
2024,11,3,Moroboro Dam,C,8.2,1.0,24.0,7.0,30.0,10.0,,0.104,3300.0
2024,11,4,Duenas Bridge,C,7.8,2.0,81.0,7.0,30.0,5.0,,0.186,1400.0
2024,11,5,Downstream Passi II,C,8.5,1.0,33.0,7.0,30.0,10.0,,0.12,24000.0
2024,11,6,Downstream Passi I,C,7.9,1.0,35.0,7.0,28.0,10.0,,0.11,54000.0
2024,11,7,Upstream Passi I,C,9.4,2.0,37.0,7.0,28.0,10.0,,0.117,3300.0
2024,11,8,Calinog Bridge (Class A),A,8.4,1.0,31.0,7.0,26.0,10.0,,0.101,2300.0
2024,11,9,"Alibunan Bridge, Upstream of Confluence (Class A)",A,8.6,1.0,340.0,7.0,27.0,10.0,,0.267,2100.0
2024,12,1,"Inland Fisheries, Leganes",C,5.4,2.0,668.0,7.0,31.0,12.7,,0.075,35000.0
2024,12,10,Alibunan Upstream (Class A),A,7.3,1.0,235.0,6.0,28.0,10.5,,0.077,2300.0
2024,12,2,Barotac Nuevo Bridge,C,8.4,4.0,967.0,7.0,31.0,12.3,,0.147,92000.0
2024,12,3,Moroboro Dam,C,6.3,4.0,566.0,7.0,31.0,12.3,,0.12,35000.0
2024,12,4,Duenas Bridge,C,7.1,3.0,1130.0,6.0,31.0,11.8,,0.147,54000.0
2024,12,5,Downstream Passi II,C,6.8,3.0,259.0,6.0,29.0,12.3,,0.114,35000.0
2024,12,6,Downstream Passi I,C,7.1,3.0,263.0,6.0,29.0,14.1,,0.156,54000.0
2024,12,7,Upstream Passi I,C,7.1,2.0,410.0,6.0,29.0,12.7,,0.076,17000.0
2024,12,8,Calinog Bridge (Class A),A,7.2,2.0,194.0,6.0,28.0,11.4,,0.071,24000.0
2024,12,9,"Alibunan Bridge, Upstream of Confluence (Class A)",A,8.0,2.0,180.0,6.0,28.0,9.5,,0.111,24000.0
2025,1,1,"Inland Fisheries, Leganes",C,9.8,2.0,68.0,8.0,29.0,15.0,,0.185,13000.0
2025,1,10,Alibunan Upstream (Class A),A,10.0,1.0,263.0,7.0,26.0,15.0,,0.384,35000.0
2025,1,2,Barotac Nuevo Bridge,C,8.6,2.0,665.0,7.0,29.0,10.0,,0.265,17000.0
2025,1,3,Moroboro Dam,C,7.8,2.0,244.0,7.0,28.0,15.0,,0.486,6300.0
2025,1,4,Duenas Bridge,C,8.7,2.0,1229.0,7.0,28.0,10.0,,0.66,92000.0
2025,1,5,Downstream Passi II,C,8.1,3.0,408.0,7.0,27.0,15.0,,0.047,160000.0
2025,1,6,Downstream Passi I,C,8.0,2.0,411.0,7.0,28.0,15.0,,0.123,17000.0
2025,1,7,Upstream Passi I,C,7.9,2.0,459.0,7.0,29.0,15.0,,0.129,17000.0
2025,1,8,Calinog Bridge (Class A),A,9.6,2.0,277.0,7.0,26.0,15.0,,0.395,92000.0
2025,1,9,"Alibunan Bridge, Upstream of Confluence (Class A)",A,9.6,1.0,116.0,7.0,27.0,10.0,,0.196,3300.0
2025,2,1,"Inland Fisheries, Leganes",C,7.4,1.0,26.0,7.0,28.0,15.0,,0.168,3300.0
2025,2,10,Alibunan Upstream (Class A),A,8.5,1.0,32.0,7.0,26.0,5.0,,0.127,1400.0
2025,2,2,Barotac Nuevo Bridge,C,7.7,1.0,78.0,7.0,28.0,15.0,,0.216,1100.0
2025,2,3,Moroboro Dam,C,6.9,2.0,32.0,7.0,28.0,15.0,,0.15,1700.0
2025,2,4,Duenas Bridge,C,7.6,1.0,287.0,7.0,28.0,5.0,,0.551,3300.0
2025,2,5,Downstream Passi II,C,8.6,2.0,68.0,6.0,27.0,10.0,,0.173,7900.0
2025,2,6,Downstream Passi I,C,8.7,2.0,61.0,7.0,26.0,10.0,,0.162,1700.0
2025,2,7,Upstream Passi I,C,8.0,2.0,64.0,7.0,25.0,10.0,,0.173,7000.0
2025,2,8,Calinog Bridge (Class A),A,8.6,2.0,53.0,7.0,26.0,10.0,,0.164,1400.0
2025,2,9,"Alibunan Bridge, Upstream of Confluence (Class A)",A,8.2,3.0,93.0,6.0,25.0,10.0,,0.242,1100.0
2025,3,1,"Inland Fisheries, Leganes",C,7.1,2.0,12.0,7.0,30.0,5.0,,0.036,2300.0
2025,3,10,Alibunan Upstream (Class A),A,8.8,1.0,3.0,7.0,27.0,5.0,,0.076,4900.0
2025,3,2,Barotac Nuevo Bridge,C,7.7,2.0,132.0,7.0,30.0,5.0,,0.16,13000.0
2025,3,3,Moroboro Dam,C,7.8,6.0,27.0,7.0,29.0,5.0,,0.119,4900.0
2025,3,4,Duenas Bridge,C,8.7,1.0,46.0,7.0,30.0,10.0,,0.151,11000.0
2025,3,5,Downstream Passi II,C,8.9,2.0,24.0,7.0,28.0,10.0,,0.118,3500.0
2025,3,6,Downstream Passi I,C,8.0,2.0,11.0,7.0,27.0,5.0,,0.092,2300.0
2025,3,7,Upstream Passi I,C,8.6,2.0,26.0,6.0,27.0,5.0,,0.093,17000.0
2025,3,8,Calinog Bridge (Class A),A,9.0,1.0,6.0,7.0,27.0,10.0,,0.095,3300.0
2025,3,9,"Alibunan Bridge, Upstream of Confluence (Class A)",A,8.8,2.0,18.0,7.0,27.0,10.0,,0.145,4900.0
2025,4,1,"Inland Fisheries, Leganes",C,6.4,1.0,30.0,7.0,32.0,5.0,,0.029,1300.0
2025,4,10,Alibunan Upstream (Class A),A,7.6,2.0,7.0,7.0,30.0,10.0,,0.084,2300.0
2025,4,2,Barotac Nuevo Bridge,C,7.1,2.0,32.0,7.0,33.0,10.0,,0.1,3300.0
2025,4,3,Moroboro Dam,C,6.4,2.0,42.0,7.0,33.0,10.0,,0.151,3300.0
2025,4,4,Duenas Bridge,C,8.1,1.0,69.0,7.0,32.0,10.0,,0.124,2200.0
2025,4,5,Downstream Passi II,C,7.2,2.0,44.0,6.0,29.0,10.0,,0.149,2300.0
2025,4,6,Downstream Passi I,C,7.3,3.0,56.0,7.0,30.0,15.0,,0.191,2300.0
2025,4,7,Upstream Passi I,C,7.5,2.0,48.0,7.0,29.0,15.0,,0.165,3300.0
2025,4,8,Calinog Bridge (Class A),A,7.6,3.0,14.0,7.0,27.0,10.0,,0.163,2300.0
2025,4,9,"Alibunan Bridge, Upstream of Confluence (Class A)",A,7.4,3.0,11.0,7.0,28.0,10.0,,0.163,4900.0
2025,5,1,"Inland Fisheries, Leganes",C,8.2,2.0,34.0,7.0,34.0,15.0,,0.124,3500.0
2025,5,10,Alibunan Upstream (Class A),A,8.6,2.0,186.0,6.0,29.0,20.0,,0.217,5400.0
2025,5,2,Barotac Nuevo Bridge,C,7.1,4.0,437.0,7.0,33.0,10.0,,0.529,2400.0
2025,5,3,Moroboro Dam,C,5.8,3.0,100.0,7.0,32.0,10.0,,0.247,1300.0
2025,5,4,Duenas Bridge,C,7.0,4.0,1108.0,6.0,32.0,20.0,,1.216,9200.0
2025,5,5,Downstream Passi II,C,6.9,4.0,155.0,7.0,31.0,15.0,,0.301,5400.0
2025,5,6,Downstream Passi I,C,6.8,4.0,155.0,6.0,30.0,15.0,,0.312,5400.0
2025,5,7,Upstream Passi I,C,7.4,6.0,176.0,6.0,30.0,15.0,,0.287,5400.0
2025,5,8,Calinog Bridge (Class A),A,8.7,7.0,121.0,6.0,29.0,15.0,,0.261,9200.0
2025,5,9,"Alibunan Bridge, Upstream of Confluence (Class A)",A,8.2,5.0,26.0,6.0,29.0,15.0,,0.2,330.0
2025,6,1,"Inland Fisheries, Leganes",C,6.9,2.0,167.0,7.0,32.0,15.0,,0.416,3500.0
2025,6,10,Alibunan Upstream (Class A),A,8.1,3.0,50.0,7.0,29.0,10.0,,0.136,9200.0
2025,6,2,Barotac Nuevo Bridge,C,8.3,2.0,261.0,7.0,31.0,15.0,,0.37,9200.0
2025,6,3,Moroboro Dam,C,6.8,3.0,152.0,7.0,29.0,20.0,,0.307,5400.0
2025,6,4,Duenas Bridge,C,8.8,4.0,442.0,7.0,31.0,25.0,,0.067,5400.0
2025,6,5,Downstream Passi II,C,7.4,4.0,244.0,7.0,30.0,15.0,,0.342,9200.0
2025,6,6,Downstream Passi I,C,7.2,4.0,263.0,7.0,30.0,15.0,,0.427,3500.0
2025,6,7,Upstream Passi I,C,8.0,6.0,249.0,7.0,30.0,15.0,,0.379,9200.0
2025,6,8,Calinog Bridge (Class A),A,9.4,3.0,45.0,6.0,29.0,10.0,,0.168,5400.0
2025,6,9,"Alibunan Bridge, Upstream of Confluence (Class A)",A,8.4,3.0,122.0,6.0,29.0,10.0,,0.263,490.0
2025,7,1,"Inland Fisheries, Leganes",C,8.1,2.0,18.0,7.0,32.0,15.0,,0.125,1100.0
2025,7,10,Alibunan Upstream (Class A),A,8.9,2.0,24.0,7.0,29.0,10.0,,0.084,330.0
2025,7,2,Barotac Nuevo Bridge,C,8.6,2.0,42.0,7.0,31.0,10.0,,0.124,790.0
2025,7,3,Moroboro Dam,C,7.6,2.0,24.0,7.0,32.0,10.0,,0.073,140.0
2025,7,4,Duenas Bridge,C,8.5,2.0,181.0,7.0,32.0,5.0,,0.081,230.0
2025,7,5,Downstream Passi II,C,9.3,2.0,48.0,7.0,29.0,10.0,,0.071,1300.0
2025,7,6,Downstream Passi I,C,8.9,3.0,120.0,6.0,28.0,10.0,,0.065,330.0
2025,7,7,Upstream Passi I,C,9.1,2.0,120.0,7.0,29.0,10.0,,0.104,2400.0
2025,7,8,Calinog Bridge (Class A),A,9.1,3.0,47.0,7.0,28.0,10.0,,0.082,230.0
2025,7,9,"Alibunan Bridge, Upstream of Confluence (Class A)",A,9.8,2.0,64.0,7.0,27.0,10.0,,0.07,230.0
2025,8,1,"Inland Fisheries, Leganes",C,6.8,1.0,28.0,7.0,31.0,15.0,,0.074,700.0
2025,8,10,Alibunan Upstream (Class A),A,7.6,1.0,261.0,7.0,30.0,10.0,,0.129,5400.0
2025,8,2,Barotac Nuevo Bridge,C,7.3,1.0,75.0,7.0,32.0,15.0,,0.112,9200.0
2025,8,3,Moroboro Dam,C,6.1,1.0,44.0,7.0,30.0,10.0,,0.08,790.0
2025,8,4,Duenas Bridge,C,8.1,1.0,86.0,7.0,32.0,10.0,,0.067,940.0
2025,8,5,Downstream Passi II,C,7.4,1.0,126.0,7.0,31.0,10.0,,0.098,9200.0
2025,8,6,Downstream Passi I,C,7.5,2.0,74.0,7.0,31.0,10.0,,0.076,9200.0
2025,8,7,Upstream Passi I,C,7.1,1.0,64.0,7.0,31.0,10.0,,0.101,5400.0
2025,8,8,Calinog Bridge (Class A),A,8.9,1.0,81.0,7.0,29.0,10.0,,0.073,9200.0
2025,8,9,"Alibunan Bridge, Upstream of Confluence (Class A)",A,8.1,1.0,68.0,7.0,30.0,5.0,,0.098,2400.0
2025,9,1,"Inland Fisheries, Leganes",C,6.4,4.0,389.0,7.1,28.0,20.0,,0.216,92000.0
2025,9,10,Alibunan Upstream (Class A),A,8.5,2.0,26.0,6.9,28.0,10.0,,0.117,11000.0
2025,9,2,Barotac Nuevo Bridge,C,7.0,4.0,1156.0,7.0,28.0,20.0,,0.114,92000.0
2025,9,3,Moroboro Dam,C,7.6,3.0,597.0,7.0,29.0,15.0,,0.182,92000.0
2025,9,4,Duenas Bridge,C,7.1,4.0,425.0,6.9,29.0,15.0,,0.093,54000.0
2025,9,5,Downstream Passi II,C,7.6,4.0,220.0,6.8,29.0,15.0,,0.092,35000.0
2025,9,6,Downstream Passi I,C,7.1,4.0,216.0,6.8,28.0,20.0,,0.09,54000.0
2025,9,7,Upstream Passi I,C,8.1,3.0,116.0,6.8,28.0,15.0,,0.083,24000.0
2025,9,8,Calinog Bridge (Class A),A,6.7,3.0,66.0,6.8,26.0,10.0,,0.191,11000.0
2025,9,9,"Alibunan Bridge, Upstream of Confluence (Class A)",A,8.7,2.0,27.0,6.6,28.0,10.0,,0.101,1300.0
2025,10,1,"Inland Fisheries, Leganes",C,5.4,2.0,836.0,7.0,29.0,20.0,,0.125,2400.0
2025,10,10,Alibunan Upstream (Class A),A,8.6,1.0,37.0,6.0,29.0,5.0,,0.087,490.0
2025,10,2,Barotac Nuevo Bridge,C,6.4,3.0,758.0,7.0,31.0,15.0,,0.071,2400.0
2025,10,3,Moroboro Dam,C,7.1,3.0,173.0,7.0,31.0,15.0,,0.05,3500.0
2025,10,4,Duenas Bridge,C,7.6,3.0,323.0,6.0,31.0,10.0,,0.074,700.0
2025,10,5,Downstream Passi II,C,7.2,4.0,202.0,6.0,29.0,15.0,,0.037,1400.0
2025,10,6,Downstream Passi I,C,7.6,6.0,168.0,6.0,30.0,10.0,,0.037,330.0
2025,10,7,Upstream Passi I,C,7.6,3.0,164.0,6.0,30.0,15.0,,0.032,1300.0
2025,10,8,Calinog Bridge (Class A),A,8.3,3.0,103.0,6.0,28.0,5.0,,0.059,330.0
2025,10,9,"Alibunan Bridge, Upstream of Confluence (Class A)",A,8.5,4.0,104.0,6.0,28.0,10.0,,0.056,490.0
2025,11,1,"Inland Fisheries, Leganes",C,7.1,2.0,16.0,8.0,31.0,10.0,,0.1,3500.0
2025,11,10,Alibunan Upstream (Class A),A,8.9,1.0,11.0,7.0,30.0,5.0,,0.058,790.0
2025,11,2,Barotac Nuevo Bridge,C,8.1,2.0,59.0,7.0,32.0,10.0,,0.11,1100.0
2025,11,3,Moroboro Dam,C,6.5,2.0,28.0,7.0,32.0,10.0,,0.098,1700.0
2025,11,4,Duenas Bridge,C,8.2,2.0,54.0,7.0,32.0,5.0,,0.132,330.0
2025,11,5,Downstream Passi II,C,8.0,1.0,106.0,7.0,31.0,10.0,,0.175,9200.0
2025,11,6,Downstream Passi I,C,8.5,1.0,133.0,7.0,31.0,10.0,,0.191,3500.0
2025,11,7,Upstream Passi I,C,8.2,2.0,97.0,7.0,31.0,10.0,,0.186,3500.0
2025,11,8,Calinog Bridge (Class A),A,8.8,1.0,44.0,7.0,29.0,10.0,,0.107,9200.0
2025,11,9,"Alibunan Bridge, Upstream of Confluence (Class A)",A,8.7,1.0,57.0,7.0,30.0,10.0,,0.127,700.0
2025,12,1,"Inland Fisheries, Leganes",C,8.2,2.0,17.0,,30.0,10.0,,0.106,790.0
2025,12,10,Alibunan Upstream (Class A),A,8.5,1.0,8.0,,28.0,5.0,,0.082,490.0
2025,12,2,Barotac Nuevo Bridge,C,7.3,1.0,46.0,,29.0,10.0,,0.118,490.0
2025,12,3,Moroboro Dam,C,7.0,2.0,36.0,,28.0,10.0,,0.118,490.0
2025,12,4,Duenas Bridge,C,7.8,1.0,247.0,,29.0,5.0,,0.121,230.0
2025,12,5,Downstream Passi II,C,8.3,1.0,62.0,,29.0,10.0,,0.144,230.0
2025,12,6,Downstream Passi I,C,8.3,3.0,119.0,,28.0,10.0,,0.217,790.0
2025,12,7,Upstream Passi I,C,8.0,1.0,118.0,,29.0,10.0,,0.23,3500.0
2025,12,8,Calinog Bridge (Class A),A,8.2,1.0,29.0,,27.0,10.0,,0.101,790.0
2025,12,9,"Alibunan Bridge, Upstream of Confluence (Class A)",A,8.4,2.0,43.0,,28.0,10.0,,0.116,230.0
