Year,Month,Station_ID,Station_Name,Water_Class,DO,BOD,TSS,pH,Temperature,Fecal_Coliform,DO_Temp_Ratio,pH_Deviation,WQI,WQI_Class
2020.0,1.0,1.0,"Inland Fisheries, Leganes",C,6.6,2.0,47.0,8.1,28.9,3300.0,0.22837370242214533,1.0999999999999996,711.6442142857143,High Risk
2020.0,1.0,2.0,Barotac Nuevo Bridge,C,4.6,1.0,69.0,8.2,27.3,7900.0,0.16849816849816848,1.1999999999999993,1657.1215238095238,High Risk
2020.0,1.0,3.0,Moroboro Dam,C,6.6,1.0,18.0,7.6,26.0,930.0,0.25384615384615383,0.5999999999999996,215.33219047619048,High Risk
2020.0,1.0,4.0,Duenas Bridge,C,5.6,1.0,52.0,7.7,24.7,9400.0,0.22672064777327935,0.7000000000000002,1955.235357142857,High Risk
2020.0,1.0,5.0,Downstream Passi II,C,7.5,2.0,44.0,7.2,27.2,70000.0,0.2757352941176471,0.20000000000000018,14368.625047619047,High Risk
2020.0,1.0,6.0,Downstream Passi I,C,7.5,9.0,70.0,7.1,25.2,23000.0,0.2976190476190476,0.09999999999999964,4750.724880952381,High Risk
2020.0,1.0,7.0,Upstream Passi I,C,5.3,1.0,55.0,8.6,26.4,110000.0,0.20075757575757577,1.5999999999999996,22576.466523809522,High Risk
2020.0,1.0,8.0,Calinog Bridge (Class A),A,7.2,2.0,116.0,8.3,24.9,92000.0,0.28915662650602414,1.3000000000000007,18887.74921428571,High Risk
2020.0,1.0,9.0,"Alibunan Bridge, Upstream of Confluence (Class A)",A,6.9,2.0,184.0,8.4,24.7,4900.0,0.2793522267206478,1.4000000000000004,1047.8057142857142,High Risk
2020.0,2.0,1.0,"Inland Fisheries, Leganes",C,9.3,3.0,36.0,7.0,29.0,1300.0,0.3206896551724138,0.0,290.1789047619048,High Risk
2020.0,2.0,10.0,Alibunan Upstream (Class A),A,8.6,2.0,4.0,7.0,25.0,54000.0,0.344,0.0,11080.973714285714,High Risk
2020.0,2.0,2.0,Barotac Nuevo Bridge,C,8.0,1.0,39.0,7.0,29.0,4900.0,0.27586206896551724,0.0,1026.9841904761904,High Risk
2020.0,2.0,3.0,Moroboro Dam,C,7.2,2.0,22.0,7.0,29.0,450.0,0.2482758620689655,0.0,117.29804761904762,High Risk
2020.0,2.0,4.0,Duenas Bridge,C,7.8,1.0,81.0,7.0,29.0,24000.0,0.2689655172413793,0.0,4944.428190476191,High Risk
2020.0,2.0,6.0,Downstream Passi I,C,7.4,17.0,45.0,7.0,28.0,54000.0,0.2642857142857143,0.0,11118.168571428572,High Risk
2020.0,2.0,7.0,Upstream Passi I,C,7.9,1.0,37.0,7.0,27.0,54000.0,0.2925925925925926,0.0,11085.428523809524,High Risk
2020.0,2.0,8.0,Calinog Bridge (Class A),A,8.7,2.0,35.0,7.0,24.0,170000.0,0.3625,0.0,34851.71071428571,High Risk
2020.0,2.0,9.0,"Alibunan Bridge, Upstream of Confluence (Class A)",A,8.5,1.0,47.0,7.0,25.0,92000.0,0.34,0.0,18869.031857142858,High Risk
2020.0,3.0,1.0,"Inland Fisheries, Leganes",C,8.7,3.0,78.0,7.9,28.3,31000.0,0.3074204946996466,0.9000000000000004,6385.517071428571,High Risk
2020.0,3.0,10.0,Alibunan Upstream (Class A),A,8.9,2.0,36.0,8.2,27.1,17000.0,0.3284132841328413,1.1999999999999993,3511.8447142857144,High Risk
2020.0,3.0,2.0,Barotac Nuevo Bridge,C,8.8,2.0,213.0,8.0,27.2,46000.0,0.3235294117647059,1.0,9467.462047619047,High Risk
2020.0,3.0,3.0,Moroboro Dam,C,8.4,2.0,46.0,7.9,28.0,5400.0,0.3,0.9000000000000004,1135.8672142857142,High Risk
2020.0,3.0,4.0,Duenas Bridge,C,8.6,2.0,135.0,8.2,29.2,24000.0,0.2945205479452055,1.1999999999999993,4957.173714285715,High Risk
2020.0,3.0,7.0,Upstream Passi I,C,8.2,2.0,103.0,7.0,26.9,35000.0,0.3048327137546468,0.0,7198.889047619047,High Risk
2020.0,3.0,8.0,Calinog Bridge (Class A),A,8.7,1.0,55.0,8.0,25.9,40000.0,0.3359073359073359,1.0,8222.016857142857,High Risk
2020.0,3.0,9.0,"Alibunan Bridge, Upstream of Confluence (Class A)",A,8.6,1.0,144.0,8.2,27.3,35000.0,0.315018315018315,1.1999999999999993,7207.8615238095235,High Risk
2020.0,4.0,1.0,"Inland Fisheries, Leganes",C,3.4,2.0,83.0,7.0,33.0,54000.0,0.10303030303030303,0.0,11106.85838095238,High Risk
2020.0,4.0,10.0,Alibunan Upstream (Class A),A,4.4,2.0,27.0,8.0,28.0,2200.0,0.15714285714285717,1.0,487.4847142857143,High Risk
2020.0,4.0,2.0,Barotac Nuevo Bridge,C,3.4,4.0,135.0,7.0,30.0,11000.0,0.11333333333333333,0.0,2300.8880952380955,High Risk
2020.0,4.0,3.0,Moroboro Dam,C,3.3,3.0,63.0,8.0,29.0,14000.0,0.11379310344827585,1.0,2913.4779047619045,High Risk
2020.0,4.0,4.0,Duenas Bridge,C,4.1,3.0,146.0,8.0,30.0,17000.0,0.13666666666666666,1.0,3534.437238095238,High Risk
2020.0,4.0,5.0,Downstream Passi II,C,3.3,3.0,160.0,8.0,29.0,35000.0,0.11379310344827585,1.0,7224.331904761905,High Risk
2020.0,4.0,7.0,Upstream Passi I,C,3.4,2.0,157.0,8.0,28.0,92000.0,0.12142857142857143,1.0,18900.214714285714,High Risk
2020.0,4.0,8.0,Calinog Bridge (Class A),A,3.2,3.0,69.0,8.0,27.0,40000.0,0.11851851851851852,1.0,8239.388238095238,High Risk
2020.0,4.0,9.0,"Alibunan Bridge, Upstream of Confluence (Class A)",A,3.6,1.0,122.0,8.0,27.0,54000.0,0.13333333333333333,1.0,11107.768523809524,High Risk
2020.0,5.0,1.0,"Inland Fisheries, Leganes",C,6.8,2.0,643.0,7.8,29.8,49000.0,0.22818791946308722,0.7999999999999998,10123.053714285714,High Risk
2020.0,5.0,10.0,Alibunan Upstream (Class A),A,9.0,1.0,60.0,8.0,26.1,9200.0,0.3448275862068965,1.0,1911.1105238095238,High Risk
2020.0,5.0,2.0,Barotac Nuevo Bridge,C,7.6,2.0,719.0,7.8,29.5,49000.0,0.2576271186440678,0.7999999999999998,10127.317714285715,High Risk
2020.0,5.0,3.0,Moroboro Dam,C,6.4,2.0,228.0,7.8,28.8,24000.0,0.22222222222222224,0.7999999999999998,4966.250380952381,High Risk
2020.0,5.0,4.0,Duenas Bridge,C,7.8,1.0,415.0,7.8,28.6,110000.0,0.2727272727272727,0.7999999999999998,22598.022857142856,High Risk
2020.0,5.0,5.0,Downstream Passi II,C,7.4,2.0,431.0,7.7,27.6,240000.0,0.26811594202898553,0.7000000000000002,49237.278880952384,High Risk
2020.0,5.0,6.0,Downstream Passi I,C,7.0,2.0,274.0,7.7,27.6,49000.0,0.25362318840579706,0.7000000000000002,10089.324880952381,High Risk
2020.0,5.0,7.0,Upstream Passi I,C,7.7,2.0,544.0,7.7,27.2,13000.0,0.28308823529411764,0.7000000000000002,2733.192547619047,High Risk
2020.0,5.0,8.0,Calinog Bridge (Class A),A,7.4,1.0,332.0,7.9,26.4,7900.0,0.28030303030303033,0.9000000000000004,1669.9970238095239,High Risk
2020.0,5.0,9.0,"Alibunan Bridge, Upstream of Confluence (Class A)",A,7.5,1.0,180.0,8.0,26.1,9400.0,0.28735632183908044,1.0,1965.0055238095238,High Risk
2020.0,6.0,1.0,"Inland Fisheries, Leganes",C,7.7,7.0,50.0,7.0,29.0,140000.0,0.2655172413793104,0.0,28721.728333333333,High Risk
2020.0,6.0,10.0,Alibunan Upstream (Class A),A,8.6,2.0,16.0,7.0,26.0,84000.0,0.33076923076923076,0.0,17230.051047619047,High Risk
2020.0,6.0,3.0,Moroboro Dam,C,7.8,5.0,213.0,7.0,28.0,92000.0,0.2785714285714286,0.0,18894.850285714285,High Risk
2020.0,6.0,4.0,Duenas Bridge,C,7.9,5.0,169.0,7.0,27.0,280000.0,0.2925925925925926,0.0,57411.14395238095,High Risk
2020.0,6.0,5.0,Downstream Passi II,C,8.0,5.0,358.0,7.0,27.0,48000.0,0.2962962962962963,0.0,9889.636952380954,High Risk
2020.0,6.0,6.0,Downstream Passi I,C,7.6,4.0,398.0,7.0,27.0,33000.0,0.28148148148148144,0.0,6818.364095238095,High Risk
2020.0,6.0,7.0,Upstream Passi I,C,7.5,3.0,377.0,7.0,26.0,160000.0,0.28846153846153844,0.0,32836.1809047619,High Risk
2020.0,6.0,8.0,Calinog Bridge (Class A),A,7.4,3.0,42.0,7.0,25.0,17000.0,0.29600000000000004,0.0,3507.1225714285715,High Risk
2020.0,6.0,9.0,"Alibunan Bridge, Upstream of Confluence (Class A)",A,8.5,2.0,69.0,7.0,26.0,2300.0,0.3269230769230769,0.0,494.2720476190476,High Risk
2020.0,7.0,10.0,Alibunan Upstream (Class A),A,5.9,2.0,32.0,7.1,26.1,17000.0,0.2260536398467433,0.09999999999999964,3509.362880952381,High Risk
2020.0,7.0,3.0,Moroboro Dam,C,7.2,4.0,288.0,7.6,27.0,170000.0,0.26666666666666666,0.5999999999999996,34885.3970952381,High Risk
2020.0,7.0,4.0,Duenas Bridge,C,7.4,4.0,387.0,7.4,28.1,540000.0,0.26334519572953735,0.40000000000000036,110705.99676190477,High Risk
2020.0,7.0,6.0,Downstream Passi I,C,7.0,5.0,106.0,7.2,26.9,540000.0,0.26022304832713755,0.20000000000000018,110683.02461904762,High Risk
2020.0,7.0,8.0,Calinog Bridge (Class A),A,7.0,4.0,86.0,6.6,25.3,79000.0,0.2766798418972332,0.40000000000000036,16217.551428571429,High Risk
2020.0,7.0,9.0,"Alibunan Bridge, Upstream of Confluence (Class A)",A,5.2,2.0,103.0,6.8,25.8,79000.0,0.20155038759689922,0.20000000000000018,16219.436380952382,High Risk
2020.0,8.0,1.0,"Inland Fisheries, Leganes",C,9.4,3.0,38.0,7.3,30.8,33000.0,0.3051948051948052,0.2999999999999998,6789.402404761905,High Risk
2020.0,8.0,10.0,Alibunan Upstream (Class A),A,9.3,2.0,59.0,7.9,27.9,79000.0,0.33333333333333337,0.9000000000000004,16215.618880952381,High Risk
2020.0,8.0,2.0,Barotac Nuevo Bridge,C,9.8,5.0,53.0,7.6,28.5,130000.0,0.34385964912280703,0.5999999999999996,26668.30995238095,High Risk
2020.0,8.0,3.0,Moroboro Dam,C,10.0,5.0,43.0,7.5,28.0,130000.0,0.35714285714285715,0.5,26665.877785714285,High Risk
2020.0,8.0,4.0,Duenas Bridge,C,10.0,4.0,82.0,7.3,29.6,79000.0,0.33783783783783783,0.2999999999999998,16217.741261904763,High Risk
2020.0,8.0,5.0,Downstream Passi II,C,8.4,5.0,206.0,7.0,27.8,240000.0,0.302158273381295,0.0,49218.02761904762,High Risk
2020.0,8.0,6.0,Downstream Passi I,C,9.6,5.0,186.0,7.3,27.3,170000.0,0.3516483516483516,0.2999999999999998,34872.34745238095,High Risk
2020.0,8.0,8.0,Calinog Bridge (Class A),A,8.8,3.0,118.0,8.0,26.7,6000.0,0.32958801498127344,1.0,1264.998238095238,High Risk
2020.0,8.0,9.0,"Alibunan Bridge, Upstream of Confluence (Class A)",A,9.2,2.0,124.0,8.1,27.6,4000.0,0.3333333333333333,1.0999999999999996,854.636880952381,High Risk
2020.0,9.0,1.0,"Inland Fisheries, Leganes",C,4.4,6.0,231.8,7.4,26.0,130000.0,0.16923076923076924,0.40000000000000036,26691.870076190477,High Risk
2020.0,9.0,10.0,Alibunan Upstream (Class A),A,5.2,3.0,30.4,7.4,24.5,22000.0,0.2122448979591837,0.40000000000000036,4537.803371428572,High Risk
2020.0,9.0,3.0,Moroboro Dam,C,5.0,4.0,115.1,7.3,24.3,130000.0,0.205761316872428,0.2999999999999998,26675.57612857143,High Risk
2020.0,9.0,8.0,Calinog Bridge (Class A),A,5.2,2.0,106.6,8.1,24.5,79000.0,0.2122448979591837,1.0999999999999996,16226.067414285715,High Risk
2020.0,9.0,9.0,"Alibunan Bridge, Upstream of Confluence (Class A)",A,5.2,1.0,121.6,7.5,24.5,70000.0,0.2122448979591837,0.5,14377.391557142857,High Risk
2020.0,10.0,1.0,"Inland Fisheries, Leganes",C,7.6,3.0,36.0,7.3,28.8,79000.0,0.2638888888888889,0.2999999999999998,16216.141738095239,High Risk
2020.0,10.0,10.0,Alibunan Upstream (Class A),A,7.6,1.0,4.0,7.7,25.2,16790.0,0.30158730158730157,0.7000000000000002,3461.629023809524,High Risk
2020.0,10.0,2.0,Barotac Nuevo Bridge,C,6.6,4.0,39.0,7.4,28.1,7800.0,0.23487544483985762,0.40000000000000036,1631.3207619047619,High Risk
2020.0,10.0,3.0,Moroboro Dam,C,8.0,4.0,18.0,7.5,27.7,7800.0,0.2888086642599278,0.5,1626.9469285714285,High Risk
2020.0,10.0,4.0,Duenas Bridge,C,8.2,2.0,52.0,7.2,27.8,9300.0,0.29496402877697836,0.20000000000000018,1931.0720476190475,High Risk
2020.0,10.0,5.0,Downstream Passi II,C,6.9,5.0,44.0,7.2,26.2,70000.0,0.2633587786259542,0.20000000000000018,14374.380285714285,High Risk
2020.0,10.0,6.0,Downstream Passi I,C,7.4,6.0,45.0,7.5,26.1,79000.0,0.2835249042145594,0.5,16221.26730952381,High Risk
2020.0,10.0,7.0,Upstream Passi I,C,8.0,5.0,37.0,7.6,26.0,79000.0,0.3076923076923077,0.5999999999999996,16218.05461904762,High Risk
2020.0,10.0,8.0,Calinog Bridge (Class A),A,9.0,3.0,35.0,7.8,25.1,17000.0,0.3585657370517928,0.7999999999999998,3508.621904761905,High Risk
2020.0,10.0,9.0,"Alibunan Bridge, Upstream of Confluence (Class A)",A,8.2,2.0,47.0,8.1,24.7,11000.0,0.33198380566801616,1.0999999999999996,2281.830214285714,High Risk
2021.0,1.0,1.0,"Inland Fisheries, Leganes",C,7.0,5.0,44.0,8.0,29.0,6800.0,0.2413793103448276,1.0,1432.800619047619,High Risk
2021.0,1.0,10.0,Alibunan Upstream (Class A),A,7.8,4.0,159.0,8.0,27.0,17000.0,0.28888888888888886,1.0,3526.5110952380955,High Risk
2021.0,1.0,2.0,Barotac Nuevo Bridge,C,7.2,3.0,89.0,8.0,30.0,33000.0,0.24000000000000002,1.0,6801.808238095238,High Risk
2021.0,1.0,3.0,Moroboro Dam,C,6.2,4.0,20.0,8.0,29.0,33000.0,0.21379310344827587,1.0,6798.979761904761,High Risk
2021.0,1.0,4.0,Duenas Bridge,C,7.5,4.0,86.0,8.0,29.0,23000.0,0.25862068965517243,1.0,4752.726761904762,High Risk
2021.0,1.0,5.0,Downstream Passi II,C,6.5,4.0,59.0,8.0,28.0,33000.0,0.23214285714285715,1.0,6800.469428571429,High Risk
2021.0,1.0,6.0,Downstream Passi I,C,7.7,3.0,69.0,7.0,27.0,79000.0,0.2851851851851852,0.0,16214.708238095238,High Risk
2021.0,1.0,7.0,Upstream Passi I,C,7.5,4.0,64.0,8.0,26.0,79000.0,0.28846153846153844,1.0,16222.042761904762,High Risk
2021.0,1.0,8.0,Calinog Bridge (Class A),A,7.9,3.0,121.0,7.0,26.0,22000.0,0.3038461538461539,0.0,4538.168904761905,High Risk
2021.0,1.0,9.0,"Alibunan Bridge, Upstream of Confluence (Class A)",A,7.8,2.0,102.0,8.0,27.0,13000.0,0.28888888888888886,1.0,2698.491380952381,High Risk
2021.0,2.0,1.0,"Inland Fisheries, Leganes",C,7.8,3.0,89.0,8.0,27.0,79000.0,0.28888888888888886,1.0,16222.698238095238,High Risk
2021.0,2.0,10.0,Alibunan Upstream (Class A),A,8.8,2.0,236.0,8.0,25.0,49000.0,0.35200000000000004,1.0,10081.642714285716,High Risk
2021.0,2.0,2.0,Barotac Nuevo Bridge,C,8.3,5.0,135.0,8.0,27.0,33000.0,0.3074074074074074,1.0,6803.790952380952,High Risk
2021.0,2.0,3.0,Moroboro Dam,C,8.0,3.0,78.0,8.0,26.0,46000.0,0.3076923076923077,1.0,9458.592904761905,High Risk
2021.0,2.0,4.0,Duenas Bridge,C,7.9,3.0,285.0,8.0,27.0,49000.0,0.2925925925925926,1.0,10091.565238095238,High Risk
2021.0,2.0,5.0,Downstream Passi II,C,8.0,4.0,223.0,8.0,26.0,130000.0,0.3076923076923077,1.0,26683.955761904763,High Risk
2021.0,3.0,1.0,"Inland Fisheries, Leganes",C,6.8,1.0,77.0,7.0,30.0,4500.0,0.22666666666666666,0.0,951.6935238095238,High Risk
2021.0,3.0,10.0,Alibunan Upstream (Class A),A,7.4,2.0,116.0,7.0,28.0,240000.0,0.2642857142857143,0.0,49207.29771428571,High Risk
2021.0,3.0,2.0,Barotac Nuevo Bridge,C,7.2,2.0,185.0,7.0,30.0,11000.0,0.24000000000000002,0.0,2293.452380952381,High Risk
2021.0,3.0,3.0,Moroboro Dam,C,7.4,4.0,117.0,7.0,31.0,23000.0,0.23870967741935484,0.0,4751.105428571428,High Risk
2021.0,3.0,4.0,Duenas Bridge,C,7.4,4.0,182.0,7.0,31.0,23000.0,0.23870967741935484,0.0,4756.435428571428,High Risk
2021.0,3.0,5.0,Downstream Passi II,C,7.8,2.0,144.0,7.0,31.0,22000.0,0.25161290322580643,0.0,4543.853714285715,High Risk
2021.0,3.0,6.0,Downstream Passi I,C,7.4,3.0,119.0,7.0,31.0,49000.0,0.23870967741935484,0.0,10076.796571428571,High Risk
2021.0,3.0,7.0,Upstream Passi I,C,7.2,2.0,135.0,7.0,31.0,79000.0,0.23225806451612904,0.0,16223.645714285714,High Risk
2021.0,3.0,8.0,Calinog Bridge (Class A),A,7.9,1.0,167.0,7.0,28.0,23000.0,0.28214285714285714,0.0,4745.281857142857,High Risk
2021.0,3.0,9.0,"Alibunan Bridge, Upstream of Confluence (Class A)",A,7.8,1.0,287.0,7.0,28.0,240000.0,0.2785714285714286,0.0,49218.62685714286,High Risk
2021.0,4.0,1.0,"Inland Fisheries, Leganes",C,9.0,4.0,14.0,7.0,29.0,4000.0,0.3103448275862069,0.0,844.0927619047619,High Risk
2021.0,4.0,10.0,Alibunan Upstream (Class A),A,9.8,2.0,8.0,7.0,26.0,170000.0,0.37692307692307697,0.0,34848.335047619046,High Risk
2021.0,4.0,2.0,Barotac Nuevo Bridge,C,7.8,3.0,52.0,7.0,28.0,7800.0,0.2785714285714286,0.0,1625.3225714285716,High Risk
2021.0,4.0,3.0,Moroboro Dam,C,8.9,4.0,28.0,7.0,28.0,7800.0,0.3178571428571429,0.0,1622.9724285714285,High Risk
2021.0,4.0,4.0,Duenas Bridge,C,8.0,3.0,129.0,7.0,28.0,13000.0,0.2857142857142857,0.0,2696.7065714285714,High Risk
2021.0,4.0,5.0,Downstream Passi II,C,7.6,10.0,95.0,7.0,28.0,230000.0,0.2714285714285714,0.0,47171.14857142857,High Risk
2021.0,4.0,6.0,Downstream Passi I,C,8.4,4.0,41.0,7.0,27.0,45000.0,0.3111111111111111,0.0,9246.250095238096,High Risk
2021.0,4.0,7.0,Upstream Passi I,C,8.0,3.0,33.0,7.0,26.0,220000.0,0.3076923076923077,0.0,45100.9479047619,High Risk
2021.0,4.0,8.0,Calinog Bridge (Class A),A,8.8,2.0,26.0,7.0,26.0,49000.0,0.3384615384615385,0.0,10058.961047619048,High Risk
2021.0,4.0,9.0,"Alibunan Bridge, Upstream of Confluence (Class A)",A,8.7,2.0,32.0,7.0,26.0,23000.0,0.3346153846153846,0.0,4732.258047619048,High Risk
2021.0,5.0,1.0,"Inland Fisheries, Leganes",C,7.5,2.0,7.0,7.0,31.0,4500.0,0.24193548387096775,0.0,947.4847142857143,High Risk
2021.0,5.0,10.0,Alibunan Upstream (Class A),A,6.7,1.0,14.0,7.0,29.0,33000.0,0.2310344827586207,0.0,6785.28919047619,High Risk
2021.0,5.0,2.0,Barotac Nuevo Bridge,C,6.9,3.0,60.0,7.0,31.0,49000.0,0.22258064516129034,0.0,10072.983571428571,High Risk
2021.0,5.0,3.0,Moroboro Dam,C,5.9,3.0,18.0,7.0,31.0,23000.0,0.1903225806451613,0.0,4744.189571428571,High Risk
2021.0,5.0,4.0,Duenas Bridge,C,6.0,4.0,87.0,7.0,31.0,49000.0,0.1935483870967742,0.0,10078.915428571428,High Risk
2021.0,5.0,5.0,Downstream Passi II,C,5.9,2.0,103.0,7.0,31.0,49000.0,0.1903225806451613,0.0,10076.686714285715,High Risk
2021.0,5.0,6.0,Downstream Passi I,C,6.0,3.0,169.0,7.0,30.0,79000.0,0.2,0.0,16229.673238095238,High Risk
2021.0,5.0,7.0,Upstream Passi I,C,6.3,4.0,154.0,7.0,30.0,33000.0,0.21,0.0,6804.3010952380955,High Risk
2021.0,5.0,8.0,Calinog Bridge (Class A),A,6.6,2.0,49.0,7.0,28.0,540000.0,0.2357142857142857,0.0,110673.44371428572,High Risk
2021.0,5.0,9.0,"Alibunan Bridge, Upstream of Confluence (Class A)",A,6.6,3.0,696.0,7.0,29.0,79000.0,0.2275862068965517,0.0,16270.563904761904,High Risk
2021.0,6.0,1.0,"Inland Fisheries, Leganes",C,5.3,5.0,310.0,8.0,28.0,240000.0,0.18928571428571428,1.0,49239.684285714284,High Risk
2021.0,6.0,10.0,Alibunan Upstream (Class A),A,7.6,2.0,140.0,8.0,28.0,33000.0,0.2714285714285714,1.0,6801.1107142857145,High Risk
2021.0,6.0,2.0,Barotac Nuevo Bridge,C,5.9,6.0,427.0,8.0,28.0,130000.0,0.21071428571428572,1.0,26710.921142857143,High Risk
2021.0,6.0,3.0,Moroboro Dam,C,6.6,6.0,175.0,8.0,28.0,49000.0,0.2357142857142857,1.0,10091.922142857144,High Risk
2021.0,6.0,4.0,Duenas Bridge,C,6.6,6.0,373.0,7.0,28.0,240000.0,0.2357142857142857,0.0,49237.503142857146,High Risk
2021.0,6.0,7.0,Upstream Passi I,C,8.4,5.0,358.0,7.0,28.0,130000.0,0.3,0.0,26691.710285714285,High Risk
2021.0,6.0,8.0,Calinog Bridge (Class A),A,7.4,3.0,227.0,7.0,28.0,240000.0,0.2642857142857143,0.0,49218.27257142857,High Risk
2021.0,6.0,9.0,"Alibunan Bridge, Upstream of Confluence (Class A)",A,6.5,5.0,383.0,7.0,28.0,23000.0,0.23214285714285715,0.0,4773.355285714286,High Risk
2021.0,7.0,1.0,"Inland Fisheries, Leganes",C,7.2,4.0,876.0,7.0,29.0,23000.0,0.2482758620689655,0.0,4811.566761904762,High Risk
2021.0,7.0,10.0,Alibunan Upstream (Class A),A,7.5,1.0,203.0,7.0,27.0,240000.0,0.2777777777777778,0.0,49211.26052380952,High Risk
2021.0,7.0,2.0,Barotac Nuevo Bridge,C,6.4,3.0,724.0,7.0,28.0,49000.0,0.2285714285714286,0.0,10125.176571428572,High Risk
2021.0,7.0,3.0,Moroboro Dam,C,8.4,2.0,244.0,7.0,28.0,79000.0,0.3,0.0,16226.843714285715,High Risk
2021.0,7.0,4.0,Duenas Bridge,C,8.4,3.0,553.0,7.0,28.0,79000.0,0.3,0.0,16254.054571428573,High Risk
2021.0,7.0,5.0,Downstream Passi II,C,8.5,2.0,562.0,7.0,28.0,33000.0,0.30357142857142855,0.0,6827.314714285714,High Risk
2021.0,7.0,6.0,Downstream Passi I,C,7.8,2.0,462.0,7.0,28.0,49000.0,0.2785714285714286,0.0,10098.949714285714,High Risk
2021.0,7.0,7.0,Upstream Passi I,C,7.6,3.0,518.0,7.0,27.0,79000.0,0.28148148148148144,0.0,16251.731238095239,High Risk
2021.0,7.0,8.0,Calinog Bridge (Class A),A,7.0,1.0,341.0,7.0,26.0,70000.0,0.2692307692307692,0.0,14389.50819047619,High Risk
2021.0,7.0,9.0,"Alibunan Bridge, Upstream of Confluence (Class A)",A,7.7,2.0,252.0,7.0,26.0,240000.0,0.29615384615384616,0.0,49215.64804761905,High Risk
2021.0,8.0,1.0,"Inland Fisheries, Leganes",C,9.1,1.0,16.0,7.0,32.0,79000.0,0.284375,0.0,16209.21319047619,High Risk
2021.0,8.0,10.0,Alibunan Upstream (Class A),A,9.2,1.0,17.0,7.0,26.0,23000.0,0.3538461538461538,0.0,4728.13019047619,High Risk
2021.0,8.0,2.0,Barotac Nuevo Bridge,C,9.2,1.0,118.0,7.0,30.0,49000.0,0.30666666666666664,0.0,10068.185523809525,High Risk
2021.0,8.0,3.0,Moroboro Dam,C,9.2,1.0,27.0,7.0,30.0,540000.0,0.30666666666666664,0.0,110666.62352380953,High Risk
2021.0,8.0,4.0,Duenas Bridge,C,9.1,1.0,143.0,7.0,29.0,350000.0,0.3137931034482758,0.0,71744.24719047619,High Risk
2021.0,8.0,5.0,Downstream Passi II,C,8.2,1.0,184.0,7.0,29.0,49000.0,0.2827586206896551,0.0,10074.55419047619,High Risk
2021.0,8.0,6.0,Downstream Passi I,C,9.2,1.0,161.0,7.0,30.0,49000.0,0.30666666666666664,0.0,10071.711523809525,High Risk
2021.0,8.0,7.0,Upstream Passi I,C,9.2,1.0,154.0,7.0,29.0,350000.0,0.3172413793103448,0.0,71744.94419047619,High Risk
2021.0,8.0,8.0,Calinog Bridge (Class A),A,9.4,1.0,226.0,7.0,26.0,350000.0,0.36153846153846153,0.0,71747.15819047618,High Risk
2021.0,8.0,9.0,"Alibunan Bridge, Upstream of Confluence (Class A)",A,9.0,1.0,48.0,7.0,26.0,240000.0,0.34615384615384615,0.0,49194.38219047619,High Risk
2021.0,9.0,1.0,"Inland Fisheries, Leganes",C,8.3,4.0,165.0,7.0,31.0,49000.0,0.267741935483871,0.0,10080.596428571429,High Risk
2021.0,9.0,10.0,Alibunan Upstream (Class A),A,7.1,1.0,30.0,8.0,29.0,33000.0,0.24482758620689654,1.0,6792.3361904761905,High Risk
2021.0,9.0,2.0,Barotac Nuevo Bridge,C,8.6,4.0,128.0,7.0,31.0,23000.0,0.27741935483870966,0.0,4749.547428571428,High Risk
2021.0,9.0,3.0,Moroboro Dam,C,6.5,3.0,61.0,7.0,31.0,7800.0,0.20967741935483872,0.0,1632.0055714285716,High Risk
2021.0,9.0,4.0,Duenas Bridge,C,7.5,4.0,195.0,7.0,31.0,7800.0,0.24193548387096775,0.0,1642.8164285714286,High Risk
2021.0,9.0,5.0,Downstream Passi II,C,7.2,3.0,70.0,7.0,30.0,49000.0,0.24000000000000002,0.0,10072.095238095239,High Risk
2021.0,9.0,6.0,Downstream Passi I,C,7.6,5.0,92.0,7.0,31.0,14000.0,0.24516129032258063,0.0,2906.4182857142855,High Risk
2021.0,9.0,7.0,Upstream Passi I,C,6.7,2.0,64.0,7.0,30.0,130000.0,0.22333333333333333,0.0,26667.65538095238,High Risk
2021.0,9.0,8.0,Calinog Bridge (Class A),A,8.3,3.0,43.0,7.0,28.0,33000.0,0.29642857142857143,0.0,6787.039571428571,High Risk
2021.0,9.0,9.0,"Alibunan Bridge, Upstream of Confluence (Class A)",A,8.8,5.0,27.0,8.0,29.0,23000.0,0.303448275862069,1.0,4747.096619047619,High Risk
2021.0,10.0,1.0,"Inland Fisheries, Leganes",C,7.1,2.0,748.0,7.0,29.0,21371.0,0.24482758620689654,0.0,4463.747947619048,High Risk
2021.0,10.0,10.0,Alibunan Upstream (Class A),A,8.9,2.0,81.0,7.0,26.0,57379.0,0.3423076923076923,0.0,11780.123147619048,High Risk
2021.0,10.0,2.0,Barotac Nuevo Bridge,C,7.0,3.0,1130.0,7.0,29.0,31759.0,0.2413793103448276,0.0,6625.651004761904,High Risk
2021.0,10.0,3.0,Moroboro Dam,C,7.6,2.0,106.0,7.0,29.0,36022.0,0.26206896551724135,0.0,7412.068847619048,High Risk
2021.0,10.0,4.0,Duenas Bridge,C,8.4,2.0,270.0,7.0,29.0,45613.0,0.2896551724137931,0.0,9389.072747619048,High Risk
2021.0,10.0,5.0,Downstream Passi II,C,7.0,1.0,236.0,7.0,28.0,75268.0,0.25,0.0,15462.498057142857,High Risk
2021.0,10.0,6.0,Downstream Passi I,C,8.5,3.0,112.0,7.0,28.0,84926.0,0.30357142857142855,0.0,17431.924971428572,High Risk
2021.0,10.0,7.0,Upstream Passi I,C,8.7,2.0,216.0,7.0,27.0,131091.0,0.3222222222222222,0.0,26896.285280952383,High Risk
2021.0,10.0,8.0,Calinog Bridge (Class A),A,7.9,2.0,146.0,7.0,26.0,94887.0,0.3038461538461539,0.0,19472.89234761905,High Risk
2021.0,10.0,9.0,"Alibunan Bridge, Upstream of Confluence (Class A)",A,9.4,4.0,140.0,7.0,26.0,70210.0,0.36153846153846153,0.0,14416.753761904762,High Risk
2021.0,11.0,1.0,"Inland Fisheries, Leganes",C,8.9,3.0,324.0,7.0,28.0,4000.0,0.3178571428571429,0.0,866.7515714285714,High Risk
2021.0,11.0,10.0,Alibunan Upstream (Class A),A,8.9,3.0,22.0,6.0,26.0,17000.0,0.3423076923076923,1.0,3503.500904761905,High Risk
2021.0,11.0,2.0,Barotac Nuevo Bridge,C,9.0,5.0,639.0,6.0,28.0,7800.0,0.32142857142857145,1.0,1674.7422857142858,High Risk
2021.0,11.0,3.0,Moroboro Dam,C,8.8,7.0,570.0,6.0,27.0,7800.0,0.32592592592592595,1.0,1672.1466666666668,High Risk
2021.0,11.0,4.0,Duenas Bridge,C,8.1,7.0,344.0,6.0,29.0,7800.0,0.2793103448275862,1.0,1657.2363333333333,High Risk
2021.0,11.0,5.0,Downstream Passi II,C,8.1,4.0,276.0,6.0,28.0,22000.0,0.28928571428571426,1.0,4554.528428571429,High Risk
2021.0,11.0,6.0,Downstream Passi I,C,9.3,3.0,292.0,6.0,28.0,14000.0,0.3321428571428572,1.0,2912.3075714285715,High Risk
2021.0,11.0,7.0,Upstream Passi I,C,8.8,3.0,354.0,7.0,28.0,33000.0,0.31428571428571433,0.0,6811.516571428571,High Risk
2021.0,11.0,8.0,Calinog Bridge (Class A),A,9.5,3.0,155.0,6.0,27.0,22000.0,0.35185185185185186,1.0,4538.770238095239,High Risk
2021.0,11.0,9.0,"Alibunan Bridge, Upstream of Confluence (Class A)",A,9.2,1.0,101.0,6.0,25.0,13000.0,0.368,1.0,2684.924857142857,High Risk
2021.0,12.0,1.0,"Inland Fisheries, Leganes",C,8.5,3.0,19.0,7.0,31.0,240000.0,0.27419354838709675,0.0,49202.241571428574,High Risk
2021.0,12.0,10.0,Alibunan Upstream (Class A),A,9.9,2.0,33.0,7.0,29.0,240000.0,0.3413793103448276,0.0,49196.460047619046,High Risk
2021.0,12.0,2.0,Barotac Nuevo Bridge,C,8.9,3.0,45.0,7.0,31.0,130000.0,0.2870967741935484,0.0,26664.553571428572,High Risk
2021.0,12.0,3.0,Moroboro Dam,C,9.5,3.0,29.0,7.0,30.0,540000.0,0.31666666666666665,0.0,110669.91823809524,High Risk
2021.0,12.0,4.0,Duenas Bridge,C,8.8,2.0,52.0,7.0,31.0,350000.0,0.2838709677419355,0.0,71741.45971428571,High Risk
2021.0,12.0,7.0,Upstream Passi I,C,9.5,3.0,149.0,7.0,29.0,540000.0,0.3275862068965517,0.0,110678.6649047619,High Risk
2021.0,12.0,8.0,Calinog Bridge (Class A),A,9.8,3.0,21.0,7.0,28.0,540000.0,0.35000000000000003,0.0,110666.46057142857,High Risk
2021.0,12.0,9.0,"Alibunan Bridge, Upstream of Confluence (Class A)",A,9.3,3.0,206.0,7.0,29.0,240000.0,0.3206896551724138,0.0,49213.7489047619,High Risk
2022.0,1.0,1.0,"Inland Fisheries, Leganes",C,7.8,1.0,17.0,6.0,27.0,7800.0,0.28888888888888886,1.0,1617.613523809524,High Risk
2022.0,1.0,10.0,Alibunan Upstream (Class A),A,8.5,1.0,348.0,6.0,27.0,11000.0,0.3148148148148148,1.0,2299.000523809524,High Risk
2022.0,1.0,2.0,Barotac Nuevo Bridge,C,8.2,2.0,83.0,6.0,27.0,49000.0,0.3037037037037037,1.0,10065.958380952381,High Risk
2022.0,1.0,4.0,Duenas Bridge,C,7.8,1.0,109.0,6.0,26.0,7800.0,0.3,1.0,1624.0641904761906,High Risk
2022.0,1.0,5.0,Downstream Passi II,C,6.8,3.0,176.0,6.0,26.0,240000.0,0.26153846153846155,1.0,49213.133904761904,High Risk
2022.0,1.0,6.0,Downstream Passi I,C,7.6,2.0,153.0,6.0,27.0,79000.0,0.28148148148148144,1.0,16219.928380952382,High Risk
2022.0,1.0,7.0,Upstream Passi I,C,7.6,5.0,148.0,6.0,27.0,49000.0,0.28148148148148144,1.0,10078.136952380954,High Risk
2022.0,1.0,8.0,Calinog Bridge (Class A),A,8.1,1.0,112.0,6.0,27.0,79000.0,0.3,1.0,16213.668523809523,High Risk
2022.0,1.0,9.0,"Alibunan Bridge, Upstream of Confluence (Class A)",A,9.3,2.0,13.0,6.0,28.0,17000.0,0.3321428571428572,1.0,3502.2567142857147,High Risk
2022.0,2.0,1.0,"Inland Fisheries, Leganes",C,8.4,1.0,20.0,6.0,29.0,4900.0,0.2896551724137931,1.0,1024.6061904761905,High Risk
2022.0,2.0,10.0,Alibunan Upstream (Class A),A,8.1,1.0,102.0,6.0,26.0,7000.0,0.31153846153846154,1.0,1458.9551904761904,High Risk
2022.0,2.0,2.0,Barotac Nuevo Bridge,C,8.3,1.0,28.0,6.0,29.0,11000.0,0.28620689655172415,1.0,2275.3571904761907,High Risk
2022.0,2.0,3.0,Moroboro Dam,C,4.2,2.0,25.0,7.0,29.0,24000.0,0.14482758620689656,0.0,4949.089047619048,High Risk
2022.0,2.0,4.0,Duenas Bridge,C,7.8,1.0,121.0,6.0,29.0,3300.0,0.2689655172413793,1.0,706.2781904761904,High Risk
2022.0,2.0,5.0,Downstream Passi II,C,7.3,3.0,233.0,7.0,28.0,24000.0,0.26071428571428573,0.0,4960.569571428572,High Risk
2022.0,2.0,6.0,Downstream Passi I,C,7.0,2.0,221.0,6.0,28.0,35000.0,0.25,1.0,7212.227714285715,High Risk
2022.0,2.0,7.0,Upstream Passi I,C,7.7,2.0,195.0,6.0,28.0,54000.0,0.275,1.0,11101.760714285714,High Risk
2022.0,2.0,8.0,Calinog Bridge (Class A),A,8.0,1.0,184.0,6.0,26.0,54000.0,0.3076923076923077,1.0,11096.184190476191,High Risk
2022.0,2.0,9.0,"Alibunan Bridge, Upstream of Confluence (Class A)",A,8.6,1.0,9.0,6.0,26.0,4900.0,0.33076923076923076,1.0,1020.0141904761905,High Risk
2022.0,3.0,1.0,"Inland Fisheries, Leganes",C,7.2,4.0,160.0,6.0,29.0,23000.0,0.2482758620689655,1.0,4752.854761904761,High Risk
2022.0,3.0,10.0,Alibunan Upstream (Class A),A,9.2,3.0,234.0,6.0,25.0,49000.0,0.368,1.0,10075.976571428571,High Risk
2022.0,3.0,3.0,Moroboro Dam,C,4.6,4.0,179.0,6.0,27.0,33000.0,0.17037037037037037,1.0,6806.556095238095,High Risk
2022.0,3.0,4.0,Duenas Bridge,C,8.1,4.0,947.0,6.0,28.0,33000.0,0.28928571428571426,1.0,6863.450428571428,High Risk
2022.0,3.0,5.0,Downstream Passi II,C,8.5,3.0,484.0,6.0,27.0,14000.0,0.3148148148148148,1.0,2928.5982380952382,High Risk
2022.0,3.0,6.0,Downstream Passi I,C,7.8,5.0,536.0,6.0,27.0,23000.0,0.28888888888888886,1.0,4782.142952380952,High Risk
2022.0,3.0,7.0,Upstream Passi I,C,8.8,4.0,808.0,6.0,26.0,49000.0,0.3384615384615385,1.0,10126.830761904763,High Risk
2022.0,3.0,8.0,Calinog Bridge (Class A),A,8.8,3.0,238.0,6.0,26.0,17000.0,0.3384615384615385,1.0,3521.417904761905,High Risk
2022.0,3.0,9.0,"Alibunan Bridge, Upstream of Confluence (Class A)",A,9.0,1.0,73.0,6.0,26.0,22000.0,0.34615384615384615,1.0,4528.23219047619,High Risk
2022.0,4.0,1.0,"Inland Fisheries, Leganes",C,7.5,2.0,6.0,7.0,31.0,4900.0,0.24193548387096775,0.0,1029.3627142857142,High Risk
2022.0,4.0,10.0,Alibunan Upstream (Class A),A,8.3,1.0,11.0,7.0,28.0,3300.0,0.29642857142857143,0.0,695.1398571428571,High Risk
2022.0,4.0,2.0,Barotac Nuevo Bridge,C,7.8,1.0,49.0,7.0,31.0,7900.0,0.25161290322580643,0.0,1645.1008571428572,High Risk
2022.0,4.0,3.0,Moroboro Dam,C,6.2,1.0,19.0,7.0,30.0,3300.0,0.20666666666666667,0.0,702.2875238095238,High Risk
2022.0,4.0,4.0,Duenas Bridge,C,7.6,1.0,40.0,7.0,30.0,2300.0,0.2533333333333333,0.0,496.2395238095238,High Risk
2022.0,4.0,5.0,Downstream Passi II,C,8.3,1.0,69.0,7.0,31.0,7900.0,0.267741935483871,0.0,1645.7158571428572,High Risk
2022.0,4.0,6.0,Downstream Passi I,C,7.4,1.0,93.0,7.0,29.0,4900.0,0.25517241379310346,0.0,1032.6421904761905,High Risk
2022.0,4.0,7.0,Upstream Passi I,C,9.7,2.0,87.0,7.0,29.0,4900.0,0.33448275862068966,0.0,1029.3080476190476,High Risk
2022.0,4.0,8.0,Calinog Bridge (Class A),A,7.5,1.0,308.0,7.0,27.0,17000.0,0.2777777777777778,0.0,3527.170523809524,High Risk
2022.0,4.0,9.0,"Alibunan Bridge, Upstream of Confluence (Class A)",A,8.0,1.0,290.0,7.0,26.0,7000.0,0.3076923076923077,0.0,1474.5761904761905,High Risk
2022.0,5.0,1.0,"Inland Fisheries, Leganes",C,8.4,2.0,9.0,6.0,33.0,450.0,0.2545454545454546,1.0,118.14538095238095,High Risk
2022.0,5.0,10.0,Alibunan Upstream (Class A),A,8.8,1.0,12.0,7.0,29.0,4600.0,0.303448275862069,0.0,961.6601904761905,High Risk
2022.0,5.0,2.0,Barotac Nuevo Bridge,C,9.5,3.0,30.0,6.0,33.0,1700.0,0.2878787878787879,1.0,375.61023809523806,High Risk
2022.0,5.0,4.0,Duenas Bridge,C,7.9,1.0,137.0,7.0,33.0,200.0,0.2393939393939394,0.0,76.56852380952381,Very_Poor
2022.0,5.0,5.0,Downstream Passi II,C,8.7,2.0,37.0,6.0,32.0,4900.0,0.271875,1.0,1030.5380476190476,High Risk
2022.0,5.0,6.0,Downstream Passi I,C,8.7,2.0,33.0,6.0,31.0,2300.0,0.2806451612903226,1.0,496.3767142857143,High Risk
2022.0,5.0,7.0,Upstream Passi I,C,8.9,1.0,28.0,6.0,31.0,14000.0,0.2870967741935484,1.0,2891.013857142857,High Risk
2022.0,5.0,8.0,Calinog Bridge (Class A),A,9.2,1.0,75.0,7.0,29.0,4900.0,0.3172413793103448,0.0,1027.4761904761904,High Risk
2022.0,5.0,9.0,"Alibunan Bridge, Upstream of Confluence (Class A)",A,8.9,1.0,12.0,7.0,30.0,4900.0,0.2966666666666667,0.0,1024.018523809524,High Risk
2022.0,6.0,1.0,"Inland Fisheries, Leganes",C,7.1,2.0,161.0,7.0,30.0,490.0,0.23666666666666666,0.0,138.19038095238096,High Risk
2022.0,6.0,10.0,Alibunan Upstream (Class A),A,9.7,1.0,66.0,6.0,27.0,13000.0,0.3592592592592592,1.0,2683.2165238095236,High Risk
2022.0,6.0,2.0,Barotac Nuevo Bridge,C,6.8,3.0,530.0,7.0,31.0,7900.0,0.21935483870967742,0.0,1690.3385714285714,High Risk
2022.0,6.0,3.0,Moroboro Dam,C,7.2,2.0,96.0,7.0,29.0,3500.0,0.2482758620689655,0.0,748.3110476190476,High Risk
2022.0,6.0,4.0,Duenas Bridge,C,8.4,2.0,242.0,7.0,30.0,9200.0,0.28,0.0,1926.846380952381,High Risk
2022.0,6.0,5.0,Downstream Passi II,C,8.3,3.0,230.0,7.0,28.0,24000.0,0.29642857142857143,0.0,4958.273571428572,High Risk
2022.0,6.0,6.0,Downstream Passi I,C,6.3,2.0,201.0,7.0,28.0,35000.0,0.225,0.0,7212.022714285714,High Risk
2022.0,6.0,7.0,Upstream Passi I,C,12.1,3.0,170.0,7.0,29.0,35000.0,0.41724137931034483,0.0,7200.556904761905,High Risk
2022.0,6.0,8.0,Calinog Bridge (Class A),A,8.6,1.0,188.0,7.0,27.0,54000.0,0.3185185185185185,0.0,11096.375523809524,High Risk
2022.0,6.0,9.0,"Alibunan Bridge, Upstream of Confluence (Class A)",A,8.8,1.0,169.0,7.0,27.0,7900.0,0.32592592592592595,0.0,1648.517523809524,High Risk
2022.0,7.0,1.0,"Inland Fisheries, Leganes",C,8.5,6.0,1004.0,7.0,29.0,160000.0,0.29310344827586204,0.0,32894.44347619048,High Risk
2022.0,7.0,10.0,Alibunan Upstream (Class A),A,8.6,2.0,633.0,7.0,27.0,22000.0,0.3185185185185185,0.0,4577.9383809523815,High Risk
2022.0,7.0,2.0,Barotac Nuevo Bridge,C,7.3,2.0,579.0,7.0,29.0,24000.0,0.2517241379310345,0.0,4988.162047619048,High Risk
2022.0,7.0,3.0,Moroboro Dam,C,5.6,1.0,119.0,7.0,30.0,16000.0,0.18666666666666665,0.0,3313.947523809524,High Risk
2022.0,7.0,4.0,Duenas Bridge,C,7.8,1.0,316.0,7.0,31.0,5400.0,0.25161290322580643,0.0,1154.7448571428572,High Risk
2022.0,7.0,5.0,Downstream Passi II,C,8.1,2.0,441.0,7.0,30.0,24000.0,0.26999999999999996,0.0,4976.299380952381,High Risk
2022.0,7.0,6.0,Downstream Passi I,C,8.7,2.0,427.0,7.0,30.0,92000.0,0.29,0.0,18907.12138095238,High Risk
2022.0,7.0,7.0,Upstream Passi I,C,8.3,3.0,466.0,7.0,30.0,54000.0,0.27666666666666667,0.0,11126.812238095239,High Risk
2022.0,7.0,8.0,Calinog Bridge (Class A),A,8.6,2.0,514.0,7.0,28.0,11000.0,0.3071428571428571,0.0,2315.3737142857144,High Risk
2022.0,7.0,9.0,"Alibunan Bridge, Upstream of Confluence (Class A)",A,9.8,2.0,347.0,7.0,27.0,17000.0,0.362962962962963,0.0,3527.5263809523813,High Risk
2022.0,8.0,1.0,"Inland Fisheries, Leganes",C,8.0,1.0,59.0,7.0,31.0,13000.0,0.25806451612903225,0.0,2690.500857142857,High Risk
2022.0,8.0,10.0,Alibunan Upstream (Class A),A,8.8,1.0,257.0,7.0,28.0,24000.0,0.31428571428571433,0.0,4955.716857142857,High Risk
2022.0,8.0,2.0,Barotac Nuevo Bridge,C,8.8,1.0,176.0,7.0,32.0,13000.0,0.275,0.0,2699.5481904761905,High Risk
2022.0,8.0,3.0,Moroboro Dam,C,7.2,1.0,152.0,7.0,32.0,17000.0,0.225,0.0,3520.4601904761907,High Risk
2022.0,8.0,4.0,Duenas Bridge,C,7.3,2.0,391.0,7.0,31.0,24000.0,0.23548387096774193,0.0,4974.932714285715,High Risk
2022.0,8.0,5.0,Downstream Passi II,C,8.8,1.0,334.0,7.0,31.0,24000.0,0.2838709677419355,0.0,4965.3108571428575,High Risk
2022.0,8.0,6.0,Downstream Passi I,C,7.9,1.0,349.0,7.0,31.0,13000.0,0.25483870967741934,0.0,2714.485857142857,High Risk
2022.0,8.0,7.0,Upstream Passi I,C,8.0,1.0,324.0,7.0,30.0,7900.0,0.26666666666666666,0.0,1666.1475238095238,High Risk
2022.0,8.0,8.0,Calinog Bridge (Class A),A,9.0,2.0,626.0,7.0,29.0,13000.0,0.3103448275862069,0.0,2734.6310476190474,High Risk
2022.0,8.0,9.0,"Alibunan Bridge, Upstream of Confluence (Class A)",A,8.5,1.0,744.0,7.0,29.0,4900.0,0.29310344827586204,0.0,1083.7691904761905,High Risk
2022.0,9.0,1.0,"Inland Fisheries, Leganes",C,7.1,2.0,150.0,6.5,28.0,35000.0,0.25357142857142856,0.5,7206.200714285715,High Risk
2022.0,9.0,10.0,Alibunan Upstream (Class A),A,8.7,2.0,90.0,6.5,28.0,24000.0,0.31071428571428567,0.5,4944.100714285714,High Risk
2022.0,9.0,2.0,Barotac Nuevo Bridge,C,8.0,3.0,398.0,6.5,29.0,160000.0,0.27586206896551724,0.5,32840.1579047619,High Risk
2022.0,9.0,3.0,Moroboro Dam,C,9.2,2.0,70.0,6.6,28.0,22000.0,0.32857142857142857,0.40000000000000036,4531.635714285714,High Risk
2022.0,9.0,4.0,Duenas Bridge,C,7.7,2.0,337.0,6.6,29.0,35000.0,0.2655172413793104,0.40000000000000036,7221.398047619047,High Risk
2022.0,9.0,5.0,Downstream Passi II,C,8.8,2.0,595.0,6.6,28.0,54000.0,0.31428571428571433,0.40000000000000036,11132.305714285714,High Risk
2022.0,9.0,6.0,Downstream Passi I,C,8.6,2.0,645.0,6.5,28.0,92000.0,0.3071428571428571,0.5,18923.015714285713,High Risk
2022.0,9.0,7.0,Upstream Passi I,C,8.6,3.0,801.0,6.5,27.0,17000.0,0.3185185185185185,0.5,3569.0872380952383,High Risk
2022.0,9.0,8.0,Calinog Bridge (Class A),A,8.7,2.0,758.0,6.6,28.0,35000.0,0.31071428571428567,0.40000000000000036,7252.776714285715,High Risk
2022.0,9.0,9.0,"Alibunan Bridge, Upstream of Confluence (Class A)",A,9.2,2.0,488.0,6.6,28.0,92000.0,0.32857142857142857,0.40000000000000036,18908.911714285714,High Risk
2022.0,10.0,1.0,"Inland Fisheries, Leganes",C,7.5,3.0,287.0,6.0,29.0,54000.0,0.25862068965517243,1.0,11112.680904761904,High Risk
2022.0,10.0,10.0,Alibunan Upstream (Class A),A,8.2,1.0,31.0,6.0,33.0,160000.0,0.24848484848484848,1.0,32810.28152380952,High Risk
2022.0,10.0,2.0,Barotac Nuevo Bridge,C,7.3,4.0,252.0,6.0,29.0,35000.0,0.2517241379310345,1.0,7218.993761904762,High Risk
2022.0,10.0,3.0,Moroboro Dam,C,6.6,3.0,107.0,6.0,29.0,11000.0,0.2275862068965517,1.0,2289.0659047619047,High Risk
2022.0,10.0,4.0,Duenas Bridge,C,8.9,4.0,341.0,6.0,30.0,92000.0,0.2966666666666667,1.0,18903.405095238093,High Risk
2022.0,10.0,5.0,Downstream Passi II,C,8.2,3.0,229.0,6.0,30.0,54000.0,0.2733333333333333,1.0,11107.583238095238,High Risk
2022.0,10.0,6.0,Downstream Passi I,C,7.8,3.0,213.0,6.0,30.0,54000.0,0.26,1.0,11107.091238095238,High Risk
2022.0,10.0,7.0,Upstream Passi I,C,7.7,3.0,239.0,6.0,30.0,92000.0,0.25666666666666665,1.0,18895.628238095236,High Risk
2022.0,10.0,8.0,Calinog Bridge (Class A),A,8.8,3.0,138.0,6.0,30.0,22000.0,0.29333333333333333,1.0,4542.091238095239,High Risk
2022.0,10.0,9.0,"Alibunan Bridge, Upstream of Confluence (Class A)",A,7.9,2.0,317.0,6.0,30.0,3300.0,0.26333333333333336,1.0,725.111380952381,High Risk
2022.0,11.0,1.0,"Inland Fisheries, Leganes",C,7.6,1.0,12.0,7.0,29.0,7800.0,0.26206896551724135,0.0,1619.8001904761904,High Risk
2022.0,11.0,10.0,Alibunan Upstream (Class A),A,10.2,1.0,6.0,7.0,28.0,46000.0,0.36428571428571427,0.0,9440.064857142857,High Risk
2022.0,11.0,2.0,Barotac Nuevo Bridge,C,7.3,3.0,32.0,7.0,30.0,2000.0,0.24333333333333332,0.0,438.4742380952381,High Risk
2022.0,11.0,3.0,Moroboro Dam,C,6.4,1.0,11.0,7.0,30.0,23000.0,0.21333333333333335,0.0,4737.751523809524,High Risk
2022.0,11.0,4.0,Duenas Bridge,C,7.4,2.0,46.0,7.0,30.0,2000.0,0.24666666666666667,0.0,437.54438095238095,High Risk
2022.0,11.0,5.0,Downstream Passi II,C,7.1,2.0,108.0,7.0,30.0,130000.0,0.23666666666666666,0.0,26670.44338095238,High Risk
2022.0,11.0,6.0,Downstream Passi I,C,7.5,2.0,80.0,7.0,30.0,79000.0,0.25,0.0,16217.427380952382,High Risk
2022.0,11.0,7.0,Upstream Passi I,C,6.7,2.0,127.0,7.0,30.0,23000.0,0.22333333333333333,0.0,4748.521380952381,High Risk
2022.0,11.0,8.0,Calinog Bridge (Class A),A,8.7,3.0,210.0,7.0,26.0,220000.0,0.3346153846153846,0.0,45114.02690476191,High Risk
2022.0,11.0,9.0,"Alibunan Bridge, Upstream of Confluence (Class A)",A,9.2,1.0,161.0,7.0,28.0,23000.0,0.32857142857142857,0.0,4742.124857142857,High Risk
2022.0,12.0,1.0,"Inland Fisheries, Leganes",C,7.1,3.0,56.0,7.2,29.0,8939.0,0.24482758620689654,0.20000000000000018,1862.871004761905,High Risk
2022.0,12.0,10.0,Alibunan Upstream (Class A),A,8.1,1.0,138.0,6.7,27.0,24000.0,0.3,0.2999999999999998,4946.300523809524,High Risk
2022.0,12.0,2.0,Barotac Nuevo Bridge,C,6.4,4.0,188.0,7.279999999999999,28.0,4900.0,0.2285714285714286,0.27999999999999936,1048.8428285714285,High Risk
2022.0,12.0,3.0,Moroboro Dam,C,6.2,2.0,67.0,7.040000000000001,28.0,7900.0,0.22142857142857145,0.040000000000000924,1648.7119142857143,High Risk
2022.0,12.0,4.0,Duenas Bridge,C,7.5,3.0,154.0,6.7,28.0,24000.0,0.26785714285714285,0.2999999999999998,4953.681571428572,High Risk
2022.0,12.0,5.0,Downstream Passi II,C,7.7,3.0,181.0,7.0,27.0,24000.0,0.2851851851851852,0.0,4954.392238095238,High Risk
2022.0,12.0,6.0,Downstream Passi I,C,7.3,3.0,168.0,6.959999999999999,27.0,24000.0,0.27037037037037037,0.040000000000000924,4954.146238095238,High Risk
2022.0,12.0,7.0,Upstream Passi I,C,7.4,2.0,180.0,7.0,27.0,13000.0,0.2740740740740741,0.0,2699.1523809523806,High Risk
2022.0,12.0,8.0,Calinog Bridge (Class A),A,8.8,2.0,300.0,7.0,25.0,13000.0,0.35200000000000004,0.0,2703.9357142857143,High Risk
2022.0,12.0,9.0,"Alibunan Bridge, Upstream of Confluence (Class A)",A,8.1,1.0,844.0,6.6,26.0,7900.0,0.31153846153846154,0.40000000000000036,1704.2091904761905,High Risk
2023.0,1.0,1.0,"Inland Fisheries, Leganes",C,7.6,4.0,413.0,7.0,23.0,33000.0,0.33043478260869563,0.0,6817.407428571429,High Risk
2023.0,1.0,2.0,Barotac Nuevo Bridge,C,8.5,3.0,604.0,7.0,23.0,49000.0,0.3695652173913043,0.0,10107.751571428571,High Risk
2023.0,1.0,3.0,Moroboro Dam,C,8.1,1.0,101.0,6.0,23.0,13000.0,0.3521739130434782,1.0,2687.179857142857,High Risk
2023.0,1.0,5.0,Downstream Passi II,C,8.5,3.0,172.0,6.0,23.0,33000.0,0.3695652173913043,1.0,6793.927571428571,High Risk
2023.0,1.0,6.0,Downstream Passi I,C,8.7,3.0,183.0,7.0,23.0,49000.0,0.3782608695652174,0.0,10072.819571428572,High Risk
2023.0,1.0,7.0,Upstream Passi I,C,9.0,3.0,195.0,7.0,23.0,35000.0,0.391304347826087,0.0,7204.588571428571,High Risk
2023.0,1.0,8.0,Calinog Bridge (Class A),A,9.9,1.0,201.0,7.0,21.0,23000.0,0.4714285714285714,0.0,4740.689857142857,High Risk
2023.0,1.0,9.0,"Alibunan Bridge, Upstream of Confluence (Class A)",A,8.6,3.0,244.0,7.0,20.0,79000.0,0.43,0.0,16225.026571428572,High Risk
2023.0,2.0,1.0,"Inland Fisheries, Leganes",C,8.0,4.0,30.0,7.0,25.0,790.0,0.32,0.0,185.3524285714286,High Risk
2023.0,2.0,2.0,Barotac Nuevo Bridge,C,8.5,4.0,494.0,7.0,24.0,7000.0,0.3541666666666667,0.0,1494.8044285714286,High Risk
2023.0,2.0,3.0,Moroboro Dam,C,7.8,2.0,135.0,7.0,24.0,7900.0,0.325,0.0,1647.4657142857143,High Risk
2023.0,2.0,4.0,Duenas Bridge,C,8.5,3.0,228.0,7.0,24.0,11000.0,0.3541666666666667,0.0,2290.7195714285717,High Risk
2023.0,2.0,5.0,Downstream Passi II,C,8.4,2.0,359.0,7.0,24.0,7900.0,0.35000000000000003,0.0,1664.6037142857144,High Risk
2023.0,2.0,6.0,Downstream Passi I,C,8.0,3.0,364.0,7.0,24.0,7900.0,0.3333333333333333,0.0,1667.7065714285714,High Risk
2023.0,2.0,7.0,Upstream Passi I,C,8.2,2.0,337.0,7.0,24.0,3300.0,0.3416666666666666,0.0,720.6697142857142,High Risk
2023.0,2.0,8.0,Calinog Bridge (Class A),A,7.8,4.0,251.0,7.0,23.0,3300.0,0.3391304347826087,0.0,718.1834285714285,High Risk
2023.0,2.0,9.0,"Alibunan Bridge, Upstream of Confluence (Class A)",A,9.1,2.0,263.0,7.0,23.0,33000.0,0.39565217391304347,0.0,6798.286714285714,High Risk
2023.0,3.0,1.0,"Inland Fisheries, Leganes",C,7.0,2.0,35.0,8.0,29.0,1100.0,0.2413793103448276,1.0,258.5140476190476,High Risk
2023.0,3.0,10.0,Alibunan Upstream (Class A),A,8.1,1.0,24.0,7.0,26.0,1300.0,0.31153846153846154,0.0,284.6291904761905,High Risk
2023.0,3.0,2.0,Barotac Nuevo Bridge,C,8.5,3.0,27.0,7.0,29.0,7900.0,0.29310344827586204,0.0,1643.4209047619047,High Risk
2023.0,3.0,3.0,Moroboro Dam,C,5.4,3.0,25.0,7.0,29.0,7900.0,0.18620689655172415,0.0,1649.6119047619047,High Risk
2023.0,3.0,4.0,Duenas Bridge,C,7.1,2.0,37.0,7.0,28.0,780.0,0.25357142857142856,0.0,185.25671428571428,High Risk
2023.0,3.0,5.0,Downstream Passi II,C,6.8,4.0,64.0,7.0,28.0,24000.0,0.24285714285714285,0.0,4949.609428571429,High Risk
2023.0,3.0,6.0,Downstream Passi I,C,7.0,2.0,60.0,7.0,28.0,35000.0,0.25,0.0,7199.0257142857145,High Risk
2023.0,3.0,7.0,Upstream Passi I,C,7.7,2.0,73.0,7.0,27.0,24000.0,0.2851851851851852,0.0,4943.663380952381,High Risk
2023.0,3.0,8.0,Calinog Bridge (Class A),A,8.0,2.0,138.0,7.0,26.0,11000.0,0.3076923076923077,0.0,2283.5850476190476,High Risk
2023.0,3.0,9.0,"Alibunan Bridge, Upstream of Confluence (Class A)",A,8.3,3.0,220.0,7.0,25.0,2300.0,0.332,0.0,507.8435714285714,High Risk
2023.0,4.0,1.0,"Inland Fisheries, Leganes",C,7.1,2.0,10.0,8.0,33.0,3300.0,0.21515151515151515,1.0,711.4123809523809,High Risk
2023.0,4.0,10.0,Alibunan Upstream (Class A),A,8.7,2.0,14.0,7.0,28.0,11000.0,0.31071428571428567,0.0,2274.1687142857145,High Risk
2023.0,4.0,2.0,Barotac Nuevo Bridge,C,8.8,3.0,23.0,8.0,31.0,1700.0,0.2838709677419355,1.0,380.8395714285714,High Risk
2023.0,4.0,3.0,Moroboro Dam,C,5.8,3.0,13.0,8.0,31.0,3300.0,0.1870967741935484,1.0,714.0095714285713,High Risk
2023.0,4.0,4.0,Duenas Bridge,C,7.9,2.0,95.0,7.0,31.0,2200.0,0.25483870967741934,0.0,482.61071428571427,High Risk
2023.0,4.0,5.0,Downstream Passi II,C,5.1,7.0,46.0,7.0,31.0,4900.0,0.16451612903225804,0.0,1046.927,High Risk
2023.0,4.0,6.0,Downstream Passi I,C,7.8,6.0,87.0,8.0,30.0,7900.0,0.26,1.0,1663.0428095238096,High Risk
2023.0,4.0,7.0,Upstream Passi I,C,7.9,3.0,37.0,7.0,30.0,11000.0,0.26333333333333336,0.0,2281.754238095238,High Risk
2023.0,4.0,8.0,Calinog Bridge (Class A),A,8.2,2.0,97.0,8.0,28.0,4900.0,0.2928571428571428,1.0,1038.6647142857144,High Risk
2023.0,4.0,9.0,"Alibunan Bridge, Upstream of Confluence (Class A)",A,8.6,3.0,112.0,7.0,28.0,3300.0,0.3071428571428571,0.0,706.5525714285714,High Risk
2023.0,5.0,1.0,"Inland Fisheries, Leganes",C,5.4,1.0,12.0,7.0,30.0,11000.0,0.18000000000000002,0.0,2281.0835238095237,High Risk
2023.0,5.0,10.0,Alibunan Upstream (Class A),A,8.4,1.0,24.0,7.0,29.0,4600.0,0.2896551724137931,0.0,963.4641904761904,High Risk
2023.0,5.0,2.0,Barotac Nuevo Bridge,C,6.0,3.0,25.0,7.0,32.0,13000.0,0.1875,0.0,2696.6519047619045,High Risk
2023.0,5.0,3.0,Moroboro Dam,C,3.0,4.0,17.0,7.0,32.0,92000.0,0.09375,0.0,18891.11876190476,High Risk
2023.0,5.0,4.0,Duenas Bridge,C,6.8,2.0,177.0,7.0,32.0,92000.0,0.2125,0.0,18892.70304761905,High Risk
2023.0,5.0,5.0,Downstream Passi II,C,6.4,2.0,47.0,7.0,32.0,17000.0,0.2,0.0,3515.363047619048,High Risk
2023.0,5.0,6.0,Downstream Passi I,C,7.6,3.0,42.0,7.0,33.0,92000.0,0.2303030303030303,0.0,18882.959238095238,High Risk
2023.0,5.0,7.0,Upstream Passi I,C,8.1,2.0,33.0,7.0,33.0,92000.0,0.24545454545454545,0.0,18879.32338095238,High Risk
2023.0,5.0,8.0,Calinog Bridge (Class A),A,7.9,3.0,71.0,8.0,29.0,92000.0,0.27241379310344827,1.0,18886.903904761904,High Risk
2023.0,5.0,9.0,"Alibunan Bridge, Upstream of Confluence (Class A)",A,7.7,1.0,189.0,7.0,29.0,3300.0,0.2655172413793104,0.0,712.0591904761905,High Risk
2023.0,6.0,1.0,"Inland Fisheries, Leganes",C,7.2,5.0,1146.0,7.0,26.0,24000.0,0.27692307692307694,0.0,5037.199619047619,High Risk
2023.0,6.0,10.0,Alibunan Upstream (Class A),A,7.1,2.0,34.0,7.0,29.0,2000.0,0.24482758620689654,0.0,436.0820476190476,High Risk
2023.0,6.0,2.0,Barotac Nuevo Bridge,C,6.7,3.0,570.0,7.0,26.0,2300.0,0.2576923076923077,0.0,540.9169047619048,High Risk
2023.0,6.0,3.0,Moroboro Dam,C,6.8,2.0,274.0,7.0,26.0,13000.0,0.26153846153846155,0.0,2706.9970476190474,High Risk
2023.0,6.0,4.0,Duenas Bridge,C,6.5,2.0,548.0,7.0,27.0,14000.0,0.24074074074074073,0.0,2936.073380952381,High Risk
2023.0,6.0,5.0,Downstream Passi II,C,6.8,3.0,268.0,7.0,26.0,54000.0,0.26153846153846155,0.0,11109.277904761906,High Risk
2023.0,6.0,6.0,Downstream Passi I,C,6.1,2.0,242.0,7.0,27.0,7900.0,0.22592592592592592,0.0,1661.911380952381,High Risk
2023.0,6.0,7.0,Upstream Passi I,C,6.8,2.0,268.0,7.0,27.0,14000.0,0.2518518518518518,0.0,2912.498380952381,High Risk
2023.0,6.0,8.0,Calinog Bridge (Class A),A,7.3,2.0,117.0,7.0,25.0,54000.0,0.292,0.0,11092.904714285714,High Risk
2023.0,6.0,9.0,"Alibunan Bridge, Upstream of Confluence (Class A)",A,7.4,1.0,528.0,7.0,27.0,54000.0,0.2740740740740741,0.0,11126.715523809524,High Risk
2023.0,7.0,1.0,"Inland Fisheries, Leganes",C,7.3,3.0,1172.0,7.0,28.0,33000.0,0.26071428571428573,0.0,6881.667571428571,High Risk
2023.0,7.0,10.0,Alibunan Upstream (Class A),A,7.7,1.0,308.0,7.0,26.0,33000.0,0.29615384615384616,0.0,6804.06719047619,High Risk
2023.0,7.0,2.0,Barotac Nuevo Bridge,C,6.9,3.0,1378.0,7.0,28.0,33000.0,0.24642857142857144,0.0,6899.379571428572,High Risk
2023.0,7.0,3.0,Moroboro Dam,C,7.0,2.0,650.0,8.0,28.0,33000.0,0.25,1.0,6844.160714285714,High Risk
2023.0,7.0,5.0,Downstream Passi II,C,7.4,2.0,473.0,7.0,27.0,23000.0,0.2740740740740741,0.0,4772.17838095238,High Risk
2023.0,7.0,6.0,Downstream Passi I,C,6.7,2.0,114.0,7.0,28.0,33000.0,0.2392857142857143,0.0,6794.268714285714,High Risk
2023.0,7.0,7.0,Upstream Passi I,C,7.0,2.0,424.0,7.0,27.0,23000.0,0.25925925925925924,0.0,4768.980380952381,High Risk
2023.0,7.0,8.0,Calinog Bridge (Class A),A,7.9,2.0,394.0,7.0,26.0,23000.0,0.3038461538461539,0.0,4763.582047619047,High Risk
2023.0,7.0,9.0,"Alibunan Bridge, Upstream of Confluence (Class A)",A,8.8,1.0,1022.0,7.0,26.0,23000.0,0.3384615384615385,0.0,4811.36019047619,High Risk
2023.0,8.0,1.0,"Inland Fisheries, Leganes",C,8.1,2.0,209.0,7.0,29.0,4900.0,0.2793103448275862,0.0,1042.5920476190477,High Risk
2023.0,8.0,10.0,Alibunan Upstream (Class A),A,7.1,3.0,70.0,7.0,27.0,4900.0,0.26296296296296295,0.0,1032.930238095238,High Risk
2023.0,8.0,2.0,Barotac Nuevo Bridge,C,6.7,4.0,172.0,7.0,28.0,2700.0,0.2392857142857143,0.0,594.3004285714286,High Risk
2023.0,8.0,3.0,Moroboro Dam,C,6.1,3.0,130.0,7.0,27.0,1300.0,0.22592592592592592,0.0,302.2602380952381,High Risk
2023.0,8.0,4.0,Duenas Bridge,C,6.6,4.0,134.0,7.0,27.0,13000.0,0.24444444444444444,0.0,2700.766095238095,High Risk
2023.0,8.0,5.0,Downstream Passi II,C,7.5,4.0,217.0,7.0,27.0,3300.0,0.2777777777777778,0.0,718.1970952380952,High Risk
2023.0,8.0,6.0,Downstream Passi I,C,6.4,3.0,235.0,7.0,26.0,2300.0,0.24615384615384617,0.0,514.0619047619048,High Risk
2023.0,8.0,7.0,Upstream Passi I,C,8.2,3.0,278.0,7.0,27.0,4900.0,0.3037037037037037,0.0,1047.731238095238,High Risk
2023.0,8.0,8.0,Calinog Bridge (Class A),A,7.2,3.0,93.0,7.0,26.0,3300.0,0.27692307692307694,0.0,705.6779047619048,High Risk
2023.0,8.0,9.0,"Alibunan Bridge, Upstream of Confluence (Class A)",A,7.6,2.0,211.0,7.0,27.0,7900.0,0.28148148148148144,0.0,1656.294380952381,High Risk
2023.0,9.0,1.0,"Inland Fisheries, Leganes",C,6.9,2.0,220.0,7.0,28.0,4900.0,0.24642857142857144,0.0,1044.8607142857143,High Risk
2023.0,9.0,10.0,Alibunan Upstream (Class A),A,7.5,2.0,189.0,7.0,28.0,3300.0,0.26785714285714285,0.0,713.2487142857142,High Risk
2023.0,9.0,2.0,Barotac Nuevo Bridge,C,7.1,2.0,202.0,7.0,29.0,3300.0,0.24482758620689654,0.0,716.2280476190476,High Risk
2023.0,9.0,3.0,Moroboro Dam,C,5.9,3.0,64.0,7.0,29.0,4900.0,0.20344827586206898,0.0,1037.0849047619047,High Risk
2023.0,9.0,4.0,Duenas Bridge,C,7.2,2.0,141.0,7.0,30.0,2300.0,0.24000000000000002,0.0,507.2143809523809,High Risk
2023.0,9.0,5.0,Downstream Passi II,C,7.4,2.0,310.0,7.0,29.0,54000.0,0.25517241379310346,0.0,11112.899047619048,High Risk
2023.0,9.0,6.0,Downstream Passi I,C,6.8,3.0,260.0,7.0,29.0,4900.0,0.23448275862068965,0.0,1051.3119047619048,High Risk
2023.0,9.0,7.0,Upstream Passi I,C,7.0,2.0,343.0,7.0,29.0,7900.0,0.2413793103448276,0.0,1670.5350476190476,High Risk
2023.0,9.0,8.0,Calinog Bridge (Class A),A,8.0,2.0,103.0,7.0,28.0,2300.0,0.2857142857142857,0.0,500.27171428571427,High Risk
2023.0,9.0,9.0,"Alibunan Bridge, Upstream of Confluence (Class A)",A,7.8,1.0,178.0,7.0,29.0,3300.0,0.2689655172413793,0.0,710.9521904761905,High Risk
2023.0,10.0,1.0,"Inland Fisheries, Leganes",C,6.8,1.0,108.0,7.0,32.0,13000.0,0.2125,0.0,2698.0721904761904,High Risk
2023.0,10.0,10.0,Alibunan Upstream (Class A),A,7.8,1.0,144.0,7.0,28.0,2300.0,0.2785714285714286,0.0,502.17085714285713,High Risk
2023.0,10.0,2.0,Barotac Nuevo Bridge,C,8.0,1.0,315.0,7.0,32.0,2300.0,0.25,0.0,520.1561904761904,High Risk
2023.0,10.0,3.0,Moroboro Dam,C,7.5,1.0,42.0,7.0,31.0,4900.0,0.24193548387096775,0.0,1030.441857142857,High Risk
2023.0,10.0,4.0,Duenas Bridge,C,6.7,1.0,551.0,7.0,31.0,2300.0,0.2161290322580645,0.0,541.0798571428571,High Risk
2023.0,10.0,5.0,Downstream Passi II,C,6.3,1.0,194.0,7.0,30.0,3300.0,0.21,0.0,716.4325238095238,High Risk
2023.0,10.0,6.0,Downstream Passi I,C,6.8,2.0,187.0,7.0,29.0,4900.0,0.23448275862068965,0.0,1043.4530476190475,High Risk
2023.0,10.0,7.0,Upstream Passi I,C,6.8,1.0,181.0,7.0,29.0,3300.0,0.23448275862068965,0.0,713.2481904761904,High Risk
2023.0,10.0,8.0,Calinog Bridge (Class A),A,8.0,2.0,158.0,8.0,28.0,1700.0,0.2857142857142857,1.0,388.39671428571427,High Risk
2023.0,10.0,9.0,"Alibunan Bridge, Upstream of Confluence (Class A)",A,7.8,1.0,296.0,7.0,28.0,4900.0,0.2785714285714286,0.0,1047.374857142857,High Risk
2023.0,11.0,1.0,"Inland Fisheries, Leganes",C,6.6,1.0,49.0,7.0,31.0,1400.0,0.2129032258064516,0.0,315.71085714285715,High Risk
2023.0,11.0,10.0,Alibunan Upstream (Class A),A,7.0,2.0,309.0,7.0,28.0,4900.0,0.25,0.0,1051.9537142857143,High Risk
2023.0,11.0,2.0,Barotac Nuevo Bridge,C,6.7,1.0,195.0,7.0,31.0,7900.0,0.2161290322580645,0.0,1659.3278571428573,High Risk
2023.0,11.0,3.0,Moroboro Dam,C,9.2,1.0,99.0,7.0,29.0,13000.0,0.3172413793103448,0.0,2689.1341904761903,High Risk
2023.0,11.0,4.0,Duenas Bridge,C,7.1,1.0,135.0,7.0,30.0,13000.0,0.23666666666666666,0.0,2697.4845238095236,High Risk
2023.0,11.0,5.0,Downstream Passi II,C,6.9,4.0,394.0,7.0,29.0,3300.0,0.23793103448275862,0.0,736.1277619047619,High Risk
2023.0,11.0,6.0,Downstream Passi I,C,8.4,2.0,362.0,7.0,28.0,35000.0,0.3,0.0,7220.919714285715,High Risk
2023.0,11.0,7.0,Upstream Passi I,C,8.6,2.0,396.0,7.0,28.0,7900.0,0.3071428571428571,0.0,1670.5077142857144,High Risk
2023.0,11.0,8.0,Calinog Bridge (Class A),A,7.4,2.0,270.0,7.0,28.0,2200.0,0.2642857142857143,0.0,494.70571428571424,High Risk
2023.0,11.0,9.0,"Alibunan Bridge, Upstream of Confluence (Class A)",A,7.2,1.0,313.0,7.0,28.0,3300.0,0.2571428571428572,0.0,722.1588571428571,High Risk
2023.0,12.0,1.0,"Inland Fisheries, Leganes",C,6.3,1.0,16.0,7.0,28.0,1700.0,0.225,0.0,371.80985714285714,High Risk
2023.0,12.0,10.0,Alibunan Upstream (Class A),A,7.9,1.0,283.0,7.0,30.0,2200.0,0.26333333333333336,0.0,495.0605238095238,High Risk
2023.0,12.0,2.0,Barotac Nuevo Bridge,C,7.1,1.0,62.0,7.0,30.0,4900.0,0.23666666666666666,0.0,1031.8085238095239,High Risk
2023.0,12.0,3.0,Moroboro Dam,C,6.8,1.0,22.0,7.0,30.0,3300.0,0.22666666666666666,0.0,701.3035238095238,High Risk
2023.0,12.0,4.0,Duenas Bridge,C,7.1,1.0,68.0,7.0,31.0,1700.0,0.22903225806451613,0.0,377.71385714285714,High Risk
2023.0,12.0,5.0,Downstream Passi II,C,7.6,1.0,80.0,7.0,29.0,1700.0,0.26206896551724135,0.0,375.4861904761905,High Risk
2023.0,12.0,6.0,Downstream Passi I,C,7.3,1.0,102.0,7.0,30.0,1700.0,0.24333333333333332,0.0,378.9985238095238,High Risk
2023.0,12.0,7.0,Upstream Passi I,C,7.5,3.0,106.0,7.0,30.0,2200.0,0.25,0.0,485.11223809523807,High Risk
2023.0,12.0,8.0,Calinog Bridge (Class A),A,7.6,1.0,33.0,7.0,31.0,4900.0,0.24516129032258063,0.0,1029.498857142857,High Risk
2023.0,12.0,9.0,"Alibunan Bridge, Upstream of Confluence (Class A)",A,8.0,1.0,109.0,7.0,30.0,4900.0,0.26666666666666666,0.0,1033.817523809524,High Risk
2024.0,1.0,1.0,"Inland Fisheries, Leganes",C,8.1,1.0,19.0,7.0,27.0,7900.0,0.3,0.0,1637.652523809524,High Risk
2024.0,1.0,10.0,Alibunan Upstream (Class A),A,8.5,1.0,9.0,7.0,26.0,92000.0,0.3269230769230769,0.0,18867.00919047619,High Risk
2024.0,1.0,2.0,Barotac Nuevo Bridge,C,8.2,1.0,43.0,7.0,27.0,3300.0,0.3037037037037037,0.0,696.8755238095238,High Risk
2024.0,1.0,3.0,Moroboro Dam,C,8.1,1.0,41.0,7.0,26.0,54000.0,0.31153846153846154,0.0,11084.25319047619,High Risk
2024.0,1.0,4.0,Duenas Bridge,C,8.4,1.0,191.0,7.0,27.0,92000.0,0.3111111111111111,0.0,18883.23152380952,High Risk
2024.0,1.0,5.0,Downstream Passi II,C,7.8,1.0,140.0,7.0,26.0,11000.0,0.3,0.0,2282.2861904761908,High Risk
2024.0,1.0,6.0,Downstream Passi I,C,8.1,1.0,108.0,7.0,26.0,92000.0,0.31153846153846154,0.0,18875.94719047619,High Risk
2024.0,1.0,7.0,Upstream Passi I,C,8.0,1.0,62.0,7.0,26.0,35000.0,0.3076923076923077,0.0,7193.08019047619,High Risk
2024.0,1.0,8.0,Calinog Bridge (Class A),A,7.3,1.0,41.0,7.0,26.0,7900.0,0.28076923076923077,0.0,1640.0031904761904,High Risk
2024.0,1.0,9.0,"Alibunan Bridge, Upstream of Confluence (Class A)",A,8.1,1.0,93.0,7.0,25.0,9400.0,0.324,0.0,1948.883857142857,High Risk
2024.0,2.0,1.0,"Inland Fisheries, Leganes",C,6.8,1.0,13.0,8.0,29.0,92000.0,0.23448275862068965,1.0,18880.65719047619,High Risk
2024.0,2.0,10.0,Alibunan Upstream (Class A),A,8.0,1.0,3.0,8.0,25.0,3300.0,0.32,1.0,698.3738571428571,High Risk
2024.0,2.0,2.0,Barotac Nuevo Bridge,C,8.2,1.0,26.0,7.0,29.0,54000.0,0.2827586206896551,0.0,11086.09819047619,High Risk
2024.0,2.0,3.0,Moroboro Dam,C,4.3,1.0,16.0,7.0,28.0,3300.0,0.15357142857142855,0.0,703.7498571428571,High Risk
2024.0,2.0,4.0,Duenas Bridge,C,8.4,1.0,47.0,8.0,27.0,24000.0,0.3111111111111111,1.0,4944.778523809524,High Risk
2024.0,2.0,5.0,Downstream Passi II,C,7.1,2.0,189.0,8.0,28.0,92000.0,0.25357142857142856,1.0,18895.253714285715,High Risk
2024.0,2.0,6.0,Downstream Passi I,C,7.8,2.0,214.0,7.0,28.0,92000.0,0.2785714285714286,0.0,18889.313714285712,High Risk
2024.0,2.0,7.0,Upstream Passi I,C,7.7,1.0,214.0,8.0,27.0,92000.0,0.2851851851851852,1.0,18893.10752380952,High Risk
2024.0,2.0,8.0,Calinog Bridge (Class A),A,8.3,1.0,43.0,8.0,26.0,1700.0,0.31923076923076926,1.0,374.29219047619046,High Risk
2024.0,2.0,9.0,"Alibunan Bridge, Upstream of Confluence (Class A)",A,8.1,1.0,61.0,8.0,25.0,2200.0,0.324,1.0,477.5348571428571,High Risk
2024.0,3.0,1.0,"Inland Fisheries, Leganes",C,7.5,1.0,18.0,7.0,31.0,230.0,0.24193548387096775,0.0,71.59085714285715,Poor
2024.0,3.0,10.0,Alibunan Upstream (Class A),A,8.8,2.0,2.0,7.0,28.0,630.0,0.31428571428571433,0.0,148.16671428571428,High Risk
2024.0,3.0,2.0,Barotac Nuevo Bridge,C,9.0,2.0,16.0,7.0,31.0,230.0,0.2903225806451613,0.0,70.22471428571428,Poor
2024.0,3.0,3.0,Moroboro Dam,C,8.1,2.0,6.0,7.0,30.0,230.0,0.26999999999999996,0.0,70.15638095238096,Poor
2024.0,3.0,4.0,Duenas Bridge,C,6.4,3.0,89.0,7.0,31.0,220.0,0.2064516129032258,0.0,81.36457142857142,Very_Poor
2024.0,3.0,5.0,Downstream Passi II,C,4.3,6.0,54.0,7.0,31.0,5400.0,0.13870967741935483,0.0,1149.8001428571429,High Risk
2024.0,3.0,6.0,Downstream Passi I,C,8.9,4.0,19.0,7.0,31.0,1300.0,0.2870967741935484,0.0,293.6644285714286,High Risk
2024.0,3.0,7.0,Upstream Passi I,C,9.1,2.0,13.0,7.0,31.0,490.0,0.29354838709677417,0.0,123.0477142857143,High Risk
2024.0,3.0,8.0,Calinog Bridge (Class A),A,8.5,1.0,51.0,8.0,29.0,490.0,0.29310344827586204,1.0,129.8891904761905,High Risk
2024.0,3.0,9.0,"Alibunan Bridge, Upstream of Confluence (Class A)",A,8.9,4.0,25.0,7.0,28.0,490.0,0.3178571428571429,0.0,124.90742857142858,High Risk
2024.0,4.0,1.0,"Inland Fisheries, Leganes",C,7.5,2.0,8.0,7.0,32.0,940.0,0.234375,0.0,219.21604761904763,High Risk
2024.0,4.0,10.0,Alibunan Upstream (Class A),A,8.3,3.0,21.0,7.0,31.0,330.0,0.267741935483871,0.0,94.43257142857144,Very_Poor
2024.0,4.0,2.0,Barotac Nuevo Bridge,C,8.7,3.0,11.0,7.0,33.0,1300.0,0.2636363636363636,0.0,293.7322380952381,High Risk
2024.0,4.0,3.0,Moroboro Dam,C,9.0,3.0,20.0,7.0,32.0,790.0,0.28125,0.0,188.26290476190476,High Risk
2024.0,4.0,4.0,Duenas Bridge,C,8.2,3.0,39.0,7.0,33.0,1100.0,0.24848484848484848,0.0,256.0732380952381,High Risk
2024.0,4.0,5.0,Downstream Passi II,C,8.6,3.0,90.0,8.0,33.0,1300.0,0.2606060606060606,1.0,306.9702380952381,High Risk
2024.0,4.0,7.0,Upstream Passi I,C,8.9,4.0,52.0,7.0,33.0,790.0,0.2696969696969697,0.0,194.05809523809523,High Risk
2024.0,4.0,8.0,Calinog Bridge (Class A),A,8.8,5.0,39.0,7.0,31.0,700.0,0.2838709677419355,0.0,174.44228571428573,High Risk
2024.0,4.0,9.0,"Alibunan Bridge, Upstream of Confluence (Class A)",A,9.2,4.0,48.0,8.0,30.0,230.0,0.30666666666666664,1.0,81.64609523809523,Very_Poor
2024.0,5.0,1.0,"Inland Fisheries, Leganes",C,6.9,3.0,28.0,7.0,32.0,54000.0,0.215625,0.0,11095.952904761905,High Risk
2024.0,5.0,10.0,Alibunan Upstream (Class A),A,8.2,3.0,21.0,7.0,30.0,54000.0,0.2733333333333333,0.0,11090.52723809524,High Risk
2024.0,5.0,2.0,Barotac Nuevo Bridge,C,8.3,2.0,13.0,7.0,32.0,54000.0,0.259375,0.0,11089.980047619048,High Risk
2024.0,5.0,3.0,Moroboro Dam,C,9.0,4.0,12.0,7.0,33.0,17000.0,0.2727272727272727,0.0,3512.0020952380955,High Risk
2024.0,5.0,4.0,Duenas Bridge,C,8.7,5.0,113.0,7.0,34.0,92000.0,0.25588235294117645,0.0,18891.365285714284,High Risk
2024.0,5.0,5.0,Downstream Passi II,C,7.6,5.0,35.0,7.0,31.0,11000.0,0.24516129032258063,0.0,2287.0442857142857,High Risk
2024.0,5.0,6.0,Downstream Passi I,C,8.6,5.0,43.0,7.0,29.0,24000.0,0.296551724137931,0.0,4947.163619047619,High Risk
2024.0,5.0,7.0,Upstream Passi I,C,8.2,5.0,49.0,7.0,29.0,54000.0,0.2827586206896551,0.0,11095.47561904762,High Risk
2024.0,5.0,8.0,Calinog Bridge (Class A),A,7.5,4.0,55.0,7.0,30.0,92000.0,0.25,0.0,18882.823095238095,High Risk
2024.0,5.0,9.0,"Alibunan Bridge, Upstream of Confluence (Class A)",A,11.6,6.0,40.0,7.0,29.0,54000.0,0.39999999999999997,0.0,11089.640476190476,High Risk
2024.0,6.0,1.0,"Inland Fisheries, Leganes",C,7.9,2.0,14.0,7.0,32.0,54000.0,0.246875,0.0,11090.882047619049,High Risk
2024.0,6.0,10.0,Alibunan Upstream (Class A),A,9.5,2.0,38.0,7.0,28.0,4900.0,0.3392857142857143,0.0,1024.6067142857144,High Risk
2024.0,6.0,2.0,Barotac Nuevo Bridge,C,11.2,6.0,9.0,7.0,32.0,3300.0,0.35,0.0,702.7684761904761,High Risk
2024.0,6.0,4.0,Duenas Bridge,C,8.9,3.0,108.0,7.0,31.0,92000.0,0.2870967741935484,0.0,18883.51957142857,High Risk
2024.0,6.0,5.0,Downstream Passi II,C,7.4,3.0,90.0,7.0,29.0,54000.0,0.25517241379310346,0.0,11096.731904761906,High Risk
2024.0,6.0,6.0,Downstream Passi I,C,7.3,3.0,166.0,7.0,29.0,92000.0,0.2517241379310345,0.0,18889.368904761905,High Risk
2024.0,6.0,7.0,Upstream Passi I,C,10.0,3.0,198.0,7.0,29.0,92000.0,0.3448275862068966,0.0,18886.457904761905,High Risk
2024.0,6.0,8.0,Calinog Bridge (Class A),A,9.4,2.0,53.0,7.0,30.0,11000.0,0.31333333333333335,0.0,2278.118380952381,High Risk
2024.0,6.0,9.0,"Alibunan Bridge, Upstream of Confluence (Class A)",A,8.9,3.0,58.0,7.0,30.0,1100.0,0.2966666666666667,0.0,252.9162380952381,High Risk
2024.0,7.0,1.0,"Inland Fisheries, Leganes",C,6.9,4.0,746.0,7.0,28.0,4900.0,0.24642857142857144,0.0,1091.7384285714286,High Risk
2024.0,7.0,10.0,Alibunan Upstream (Class A),A,8.5,1.0,100.0,7.0,28.0,7000.0,0.30357142857142855,0.0,1460.1578571428572,High Risk
2024.0,7.0,2.0,Barotac Nuevo Bridge,C,8.4,3.0,544.0,7.0,28.0,24000.0,0.3,0.0,4983.8165714285715,High Risk
2024.0,7.0,3.0,Moroboro Dam,C,6.5,2.0,566.0,7.0,28.0,35000.0,0.23214285714285715,0.0,7241.542714285714,High Risk
2024.0,7.0,4.0,Duenas Bridge,C,7.8,2.0,373.0,7.0,28.0,3300.0,0.2785714285714286,0.0,727.7217142857143,High Risk
2024.0,7.0,5.0,Downstream Passi II,C,6.5,2.0,632.0,7.0,30.0,7900.0,0.21666666666666667,0.0,1696.351380952381,High Risk
2024.0,7.0,6.0,Downstream Passi I,C,6.4,2.0,109.0,7.0,29.0,13000.0,0.22068965517241382,0.0,2697.5670476190476,High Risk
2024.0,7.0,7.0,Upstream Passi I,C,6.7,3.0,654.0,7.0,28.0,1700.0,0.2392857142857143,0.0,427.05157142857144,High Risk
2024.0,7.0,8.0,Calinog Bridge (Class A),A,8.4,1.0,147.0,7.0,27.0,170000.0,0.3111111111111111,0.0,34861.82352380952,High Risk
2024.0,7.0,9.0,"Alibunan Bridge, Upstream of Confluence (Class A)",A,8.4,1.0,101.0,7.0,29.0,3300.0,0.2896551724137931,0.0,703.4081904761904,High Risk
2024.0,8.0,1.0,"Inland Fisheries, Leganes",C,6.5,3.0,45.0,7.0,32.0,13000.0,0.203125,0.0,2697.2669047619047,High Risk
2024.0,8.0,10.0,Alibunan Upstream (Class A),A,9.1,1.0,21.0,7.0,31.0,2300.0,0.29354838709677417,0.0,492.6998571428571,High Risk
2024.0,8.0,2.0,Barotac Nuevo Bridge,C,7.4,2.0,282.0,7.0,34.0,17000.0,0.21764705882352942,0.0,3534.7697142857146,High Risk
2024.0,8.0,3.0,Moroboro Dam,C,7.0,2.0,53.0,7.0,32.0,4900.0,0.21875,0.0,1035.3350476190476,High Risk
2024.0,8.0,4.0,Duenas Bridge,C,7.1,2.0,644.0,7.0,33.0,7900.0,0.21515151515151515,0.0,1699.385380952381,High Risk
2024.0,8.0,5.0,Downstream Passi II,C,7.5,3.0,182.0,7.0,32.0,7900.0,0.234375,0.0,1661.4609047619049,High Risk
2024.0,8.0,6.0,Downstream Passi I,C,7.2,3.0,49.0,8.0,32.0,4900.0,0.225,1.0,1043.0249047619047,High Risk
2024.0,8.0,7.0,Upstream Passi I,C,7.2,4.0,41.0,8.0,32.0,17000.0,0.225,1.0,3523.531761904762,High Risk
2024.0,8.0,8.0,Calinog Bridge (Class A),A,9.0,2.0,32.0,7.0,30.0,2200.0,0.3,0.0,474.0963809523809,High Risk
2024.0,8.0,9.0,"Alibunan Bridge, Upstream of Confluence (Class A)",A,8.7,2.0,108.0,7.0,33.0,11000.0,0.2636363636363636,0.0,2287.3433809523813,High Risk
2024.0,9.0,1.0,"Inland Fisheries, Leganes",C,6.8,2.0,44.0,7.0,32.0,7900.0,0.2125,0.0,1649.7070476190477,High Risk
2024.0,9.0,10.0,Alibunan Upstream (Class A),A,9.2,1.0,14.0,7.0,30.0,4900.0,0.30666666666666664,0.0,1023.5675238095238,High Risk
2024.0,9.0,2.0,Barotac Nuevo Bridge,C,7.8,2.0,120.0,7.0,32.0,3300.0,0.24375,0.0,711.3490476190476,High Risk
2024.0,9.0,3.0,Moroboro Dam,C,6.2,2.0,37.0,7.0,31.0,2300.0,0.2,0.0,501.82971428571426,High Risk
2024.0,9.0,4.0,Duenas Bridge,C,7.7,1.0,236.0,7.0,31.0,35000.0,0.24838709677419354,0.0,7213.429857142857,High Risk
2024.0,9.0,5.0,Downstream Passi II,C,7.4,2.0,53.0,7.0,31.0,7900.0,0.23870967741935484,0.0,1648.1217142857142,High Risk
2024.0,9.0,6.0,Downstream Passi I,C,8.3,2.0,66.0,7.0,30.0,4900.0,0.27666666666666667,0.0,1031.549380952381,High Risk
2024.0,9.0,7.0,Upstream Passi I,C,7.9,2.0,49.0,7.0,30.0,7900.0,0.26333333333333336,0.0,1645.675380952381,High Risk
2024.0,9.0,8.0,Calinog Bridge (Class A),A,8.6,2.0,42.0,7.0,27.0,92000.0,0.3185185185185185,0.0,18872.47638095238,High Risk
2024.0,9.0,9.0,"Alibunan Bridge, Upstream of Confluence (Class A)",A,9.0,3.0,84.0,7.0,31.0,35000.0,0.2903225806451613,0.0,7202.046571428571,High Risk
2024.0,10.0,1.0,"Inland Fisheries, Leganes",C,7.2,1.0,117.0,7.0,27.0,54000.0,0.26666666666666666,0.0,11093.423523809524,High Risk
2024.0,10.0,10.0,Alibunan Upstream (Class A),A,8.0,1.0,69.0,7.0,26.0,3300.0,0.3076923076923077,0.0,698.3241904761904,High Risk
2024.0,10.0,2.0,Barotac Nuevo Bridge,C,7.4,1.0,332.0,7.0,27.0,13000.0,0.2740740740740741,0.0,2709.7435238095236,High Risk
2024.0,10.0,3.0,Moroboro Dam,C,8.7,1.0,83.0,7.0,28.0,7900.0,0.31071428571428567,0.0,1642.7638571428572,High Risk
2024.0,10.0,4.0,Duenas Bridge,C,8.3,2.0,521.0,7.0,27.0,160000.0,0.3074074074074074,0.0,32845.56938095238,High Risk
2024.0,10.0,5.0,Downstream Passi II,C,7.7,1.0,87.0,7.0,27.0,7900.0,0.2851851851851852,0.0,1644.0485238095239,High Risk
2024.0,10.0,6.0,Downstream Passi I,C,8.4,1.0,100.0,7.0,27.0,7900.0,0.3111111111111111,0.0,1643.6795238095237,High Risk
2024.0,10.0,7.0,Upstream Passi I,C,8.8,1.0,97.0,7.0,27.0,92000.0,0.32592592592592595,0.0,18874.703523809523,High Risk
2024.0,10.0,8.0,Calinog Bridge (Class A),A,8.5,1.0,48.0,7.0,26.0,35000.0,0.3269230769230769,0.0,7190.90719047619,High Risk
2024.0,10.0,9.0,"Alibunan Bridge, Upstream of Confluence (Class A)",A,8.4,1.0,72.0,7.0,26.0,3300.0,0.3230769230769231,0.0,697.7501904761905,High Risk
2024.0,11.0,1.0,"Inland Fisheries, Leganes",C,9.9,2.0,14.0,7.0,33.0,1300.0,0.3,0.0,289.64538095238095,High Risk
2024.0,11.0,10.0,Alibunan Upstream (Class A),A,9.0,1.0,7.0,7.0,30.0,1400.0,0.3,0.0,306.2535238095238,High Risk
2024.0,11.0,2.0,Barotac Nuevo Bridge,C,9.2,2.0,37.0,7.0,31.0,7000.0,0.2967741935483871,0.0,1458.7097142857142,High Risk
2024.0,11.0,3.0,Moroboro Dam,C,8.2,1.0,24.0,7.0,30.0,3300.0,0.2733333333333333,0.0,698.5975238095238,High Risk
2024.0,11.0,4.0,Duenas Bridge,C,7.8,2.0,81.0,7.0,30.0,1400.0,0.26,0.0,316.65438095238096,High Risk
2024.0,11.0,5.0,Downstream Passi II,C,8.5,1.0,33.0,7.0,30.0,24000.0,0.2833333333333333,0.0,4940.150523809524,High Risk
2024.0,11.0,6.0,Downstream Passi I,C,7.9,1.0,35.0,7.0,28.0,54000.0,0.28214285714285714,0.0,11086.357857142857,High Risk
2024.0,11.0,7.0,Upstream Passi I,C,9.4,2.0,37.0,7.0,28.0,3300.0,0.33571428571428574,0.0,696.8897142857143,High Risk
2024.0,11.0,8.0,Calinog Bridge (Class A),A,8.4,1.0,31.0,7.0,26.0,2300.0,0.3230769230769231,0.0,489.4881904761905,High Risk
2024.0,11.0,9.0,"Alibunan Bridge, Upstream of Confluence (Class A)",A,8.6,1.0,340.0,7.0,27.0,2100.0,0.3185185185185185,0.0,474.5295238095238,High Risk
2024.0,12.0,1.0,"Inland Fisheries, Leganes",C,5.4,2.0,668.0,7.0,31.0,35000.0,0.17419354838709677,0.0,7255.441714285715,High Risk
2024.0,12.0,10.0,Alibunan Upstream (Class A),A,7.3,1.0,235.0,6.0,28.0,2300.0,0.26071428571428573,1.0,510.6578571428571,High Risk
2024.0,12.0,2.0,Barotac Nuevo Bridge,C,8.4,4.0,967.0,7.0,31.0,92000.0,0.2709677419354839,0.0,18956.855428571427,High Risk
2024.0,12.0,3.0,Moroboro Dam,C,6.3,4.0,566.0,7.0,31.0,35000.0,0.2032258064516129,0.0,7248.978428571429,High Risk
2024.0,12.0,5.0,Downstream Passi II,C,6.8,3.0,259.0,6.0,29.0,35000.0,0.23448275862068965,1.0,7218.719904761905,High Risk
2024.0,12.0,6.0,Downstream Passi I,C,7.1,3.0,263.0,6.0,29.0,54000.0,0.24482758620689654,1.0,11111.532904761905,High Risk
2024.0,12.0,7.0,Upstream Passi I,C,7.1,2.0,410.0,6.0,29.0,17000.0,0.24482758620689654,1.0,3540.414047619048,High Risk
2024.0,12.0,8.0,Calinog Bridge (Class A),A,7.2,2.0,194.0,6.0,28.0,24000.0,0.2571428571428572,1.0,4955.703714285714,High Risk
2024.0,12.0,9.0,"Alibunan Bridge, Upstream of Confluence (Class A)",A,8.0,2.0,180.0,6.0,28.0,24000.0,0.2857142857142857,1.0,4952.915714285715,High Risk
2025.0,1.0,1.0,"Inland Fisheries, Leganes",C,9.8,2.0,68.0,8.0,29.0,13000.0,0.33793103448275863,1.0,2693.7900476190475,High Risk
2025.0,1.0,10.0,Alibunan Upstream (Class A),A,10.0,1.0,263.0,7.0,26.0,35000.0,0.38461538461538464,0.0,7205.462190476191,High Risk
2025.0,1.0,2.0,Barotac Nuevo Bridge,C,8.6,2.0,665.0,7.0,29.0,17000.0,0.296551724137931,0.0,3558.249047619048,High Risk
2025.0,1.0,3.0,Moroboro Dam,C,7.8,2.0,244.0,7.0,28.0,6300.0,0.2785714285714286,0.0,1331.8437142857142,High Risk
2025.0,1.0,4.0,Duenas Bridge,C,8.7,2.0,1229.0,7.0,28.0,92000.0,0.31071428571428567,0.0,18970.698714285714,High Risk
2025.0,1.0,5.0,Downstream Passi II,C,8.1,3.0,408.0,7.0,27.0,160000.0,0.3,0.0,32838.58623809524,High Risk
2025.0,1.0,6.0,Downstream Passi I,C,8.0,2.0,411.0,7.0,28.0,17000.0,0.2857142857142857,0.0,3537.5577142857146,High Risk
2025.0,1.0,7.0,Upstream Passi I,C,7.9,2.0,459.0,7.0,29.0,17000.0,0.27241379310344827,0.0,3542.792047619048,High Risk
2025.0,1.0,8.0,Calinog Bridge (Class A),A,9.6,2.0,277.0,7.0,26.0,92000.0,0.3692307692307692,0.0,18888.603047619046,High Risk
2025.0,1.0,9.0,"Alibunan Bridge, Upstream of Confluence (Class A)",A,9.6,1.0,116.0,7.0,27.0,3300.0,0.35555555555555557,0.0,699.9915238095238,High Risk
2025.0,2.0,1.0,"Inland Fisheries, Leganes",C,7.4,1.0,26.0,7.0,28.0,3300.0,0.2642857142857143,0.0,698.2148571428571,High Risk
2025.0,2.0,10.0,Alibunan Upstream (Class A),A,8.5,1.0,32.0,7.0,26.0,1400.0,0.3269230769230769,0.0,304.95519047619047,High Risk
2025.0,2.0,2.0,Barotac Nuevo Bridge,C,7.7,1.0,78.0,7.0,28.0,1100.0,0.275,0.0,251.08385714285714,High Risk
2025.0,2.0,3.0,Moroboro Dam,C,6.9,2.0,32.0,7.0,28.0,1700.0,0.24642857142857144,0.0,373.76471428571426,High Risk
2025.0,2.0,4.0,Duenas Bridge,C,7.6,1.0,287.0,7.0,28.0,3300.0,0.2714285714285714,0.0,719.2068571428571,High Risk
2025.0,2.0,5.0,Downstream Passi II,C,8.6,2.0,68.0,6.0,27.0,7900.0,0.3185185185185185,1.0,1642.518380952381,High Risk
2025.0,2.0,6.0,Downstream Passi I,C,8.7,2.0,61.0,7.0,26.0,1700.0,0.3346153846153846,0.0,370.2660476190476,High Risk
2025.0,2.0,7.0,Upstream Passi I,C,8.0,2.0,64.0,7.0,25.0,7000.0,0.32,0.0,1456.8237142857142,High Risk
2025.0,2.0,8.0,Calinog Bridge (Class A),A,8.6,2.0,53.0,7.0,26.0,1400.0,0.33076923076923076,0.0,308.34504761904765,High Risk
2025.0,2.0,9.0,"Alibunan Bridge, Upstream of Confluence (Class A)",A,8.2,3.0,93.0,6.0,25.0,1100.0,0.32799999999999996,1.0,251.7545714285714,High Risk
2025.0,3.0,1.0,"Inland Fisheries, Leganes",C,7.1,2.0,12.0,7.0,30.0,2300.0,0.23666666666666666,0.0,496.8413809523809,High Risk
2025.0,3.0,10.0,Alibunan Upstream (Class A),A,8.8,1.0,3.0,7.0,27.0,4900.0,0.32592592592592595,0.0,1020.2055238095238,High Risk
2025.0,3.0,2.0,Barotac Nuevo Bridge,C,7.7,2.0,132.0,7.0,30.0,13000.0,0.25666666666666665,0.0,2697.881380952381,High Risk
2025.0,3.0,3.0,Moroboro Dam,C,7.8,6.0,27.0,7.0,29.0,4900.0,0.2689655172413793,0.0,1035.7744761904762,High Risk
2025.0,3.0,4.0,Duenas Bridge,C,8.7,1.0,46.0,7.0,30.0,11000.0,0.29,0.0,2277.106523809524,High Risk
2025.0,3.0,5.0,Downstream Passi II,C,8.9,2.0,24.0,7.0,28.0,3500.0,0.3178571428571429,0.0,737.8287142857142,High Risk
2025.0,3.0,6.0,Downstream Passi I,C,8.0,2.0,11.0,7.0,27.0,2300.0,0.2962962962962963,0.0,491.6343809523809,High Risk
2025.0,3.0,7.0,Upstream Passi I,C,8.6,2.0,26.0,6.0,27.0,17000.0,0.3185185185185185,1.0,3503.664380952381,High Risk
2025.0,3.0,8.0,Calinog Bridge (Class A),A,9.0,1.0,6.0,7.0,27.0,3300.0,0.3333333333333333,0.0,692.2015238095238,High Risk
2025.0,3.0,9.0,"Alibunan Bridge, Upstream of Confluence (Class A)",A,8.8,2.0,18.0,7.0,27.0,4900.0,0.32592592592592595,0.0,1023.308380952381,High Risk
2025.0,4.0,1.0,"Inland Fisheries, Leganes",C,6.4,1.0,30.0,7.0,32.0,1300.0,0.2,0.0,295.1661904761905,High Risk
2025.0,4.0,10.0,Alibunan Upstream (Class A),A,7.6,2.0,7.0,7.0,30.0,2300.0,0.2533333333333333,0.0,495.4063809523809,High Risk
2025.0,4.0,2.0,Barotac Nuevo Bridge,C,7.1,2.0,32.0,7.0,33.0,3300.0,0.21515151515151515,0.0,706.6613809523809,High Risk
2025.0,4.0,3.0,Moroboro Dam,C,6.4,2.0,42.0,7.0,33.0,3300.0,0.19393939393939394,0.0,708.9163809523809,High Risk
2025.0,4.0,4.0,Duenas Bridge,C,8.1,1.0,69.0,7.0,32.0,2200.0,0.253125,0.0,479.28919047619047,High Risk
2025.0,4.0,5.0,Downstream Passi II,C,7.2,2.0,44.0,6.0,29.0,2300.0,0.2482758620689655,1.0,498.1670476190476,High Risk
2025.0,4.0,6.0,Downstream Passi I,C,7.3,3.0,56.0,7.0,30.0,2300.0,0.24333333333333332,0.0,501.9122380952381,High Risk
2025.0,4.0,7.0,Upstream Passi I,C,7.5,2.0,48.0,7.0,29.0,3300.0,0.25862068965517243,0.0,702.7800476190475,High Risk
2025.0,4.0,8.0,Calinog Bridge (Class A),A,7.6,3.0,14.0,7.0,27.0,2300.0,0.28148148148148144,0.0,494.5732380952381,High Risk
2025.0,4.0,9.0,"Alibunan Bridge, Upstream of Confluence (Class A)",A,7.4,3.0,11.0,7.0,28.0,4900.0,0.2642857142857143,0.0,1028.5705714285714,High Risk
2025.0,5.0,1.0,"Inland Fisheries, Leganes",C,8.2,2.0,34.0,7.0,34.0,3500.0,0.24117647058823527,0.0,746.6437142857143,High Risk
2025.0,5.0,10.0,Alibunan Upstream (Class A),A,8.6,2.0,186.0,6.0,29.0,5400.0,0.296551724137931,1.0,1142.1310476190476,High Risk
2025.0,5.0,2.0,Barotac Nuevo Bridge,C,7.1,4.0,437.0,7.0,33.0,2400.0,0.21515151515151515,0.0,559.2070952380952,High Risk
2025.0,5.0,3.0,Moroboro Dam,C,5.8,3.0,100.0,7.0,32.0,1300.0,0.18125,0.0,305.88190476190476,High Risk
2025.0,5.0,5.0,Downstream Passi II,C,6.9,4.0,155.0,7.0,31.0,5400.0,0.22258064516129034,0.0,1149.0064285714286,High Risk
2025.0,5.0,6.0,Downstream Passi I,C,6.8,4.0,155.0,6.0,30.0,5400.0,0.22666666666666666,1.0,1148.1180952380953,High Risk
2025.0,5.0,7.0,Upstream Passi I,C,7.4,6.0,176.0,6.0,30.0,5400.0,0.24666666666666667,1.0,1152.3558095238095,High Risk
2025.0,5.0,8.0,Calinog Bridge (Class A),A,8.7,7.0,121.0,6.0,29.0,9200.0,0.3,1.0,1924.5803333333333,High Risk
2025.0,5.0,9.0,"Alibunan Bridge, Upstream of Confluence (Class A)",A,8.2,5.0,26.0,6.0,29.0,330.0,0.2827586206896551,1.0,96.60661904761906,Very_Poor
2025.0,6.0,1.0,"Inland Fisheries, Leganes",C,6.9,2.0,167.0,7.0,32.0,3500.0,0.215625,0.0,758.0280476190476,High Risk
2025.0,6.0,10.0,Alibunan Upstream (Class A),A,8.1,3.0,50.0,7.0,29.0,9200.0,0.2793103448275862,0.0,1912.4969047619047,High Risk
2025.0,6.0,2.0,Barotac Nuevo Bridge,C,8.3,2.0,261.0,7.0,31.0,9200.0,0.267741935483871,0.0,1929.7027142857141,High Risk
2025.0,6.0,3.0,Moroboro Dam,C,6.8,3.0,152.0,7.0,29.0,5400.0,0.23448275862068965,0.0,1144.9059047619048,High Risk
2025.0,6.0,4.0,Duenas Bridge,C,8.8,4.0,442.0,7.0,31.0,5400.0,0.2838709677419355,0.0,1168.6454285714285,High Risk
2025.0,6.0,5.0,Downstream Passi II,C,7.4,4.0,244.0,7.0,30.0,9200.0,0.24666666666666667,0.0,1932.8060952380952,High Risk
2025.0,6.0,6.0,Downstream Passi I,C,7.2,4.0,263.0,7.0,30.0,3500.0,0.24000000000000002,0.0,766.8440952380952,High Risk
2025.0,6.0,7.0,Upstream Passi I,C,8.0,6.0,249.0,7.0,30.0,9200.0,0.26666666666666666,0.0,1935.7318095238095,High Risk
2025.0,6.0,8.0,Calinog Bridge (Class A),A,9.4,3.0,45.0,6.0,29.0,5400.0,0.3241379310344828,1.0,1130.8019047619048,High Risk
2025.0,6.0,9.0,"Alibunan Bridge, Upstream of Confluence (Class A)",A,8.4,3.0,122.0,6.0,29.0,490.0,0.2896551724137931,1.0,133.1069047619048,High Risk
2025.0,7.0,1.0,"Inland Fisheries, Leganes",C,8.1,2.0,18.0,7.0,32.0,1100.0,0.253125,0.0,251.5900476190476,High Risk
2025.0,7.0,10.0,Alibunan Upstream (Class A),A,8.9,2.0,24.0,7.0,29.0,330.0,0.30689655172413793,0.0,89.38904761904763,Very_Poor
2025.0,7.0,2.0,Barotac Nuevo Bridge,C,8.6,2.0,42.0,7.0,31.0,790.0,0.27741935483870966,0.0,187.9207142857143,High Risk
2025.0,7.0,3.0,Moroboro Dam,C,7.6,2.0,24.0,7.0,32.0,140.0,0.2375,0.0,56.40304761904762,Poor
2025.0,7.0,4.0,Duenas Bridge,C,8.5,2.0,181.0,7.0,32.0,230.0,0.265625,0.0,85.87304761904761,Very_Poor
2025.0,7.0,5.0,Downstream Passi II,C,9.3,2.0,48.0,7.0,29.0,1300.0,0.3206896551724138,0.0,289.29004761904764,High Risk
2025.0,7.0,6.0,Downstream Passi I,C,8.9,3.0,120.0,6.0,28.0,330.0,0.3178571428571429,1.0,98.04057142857144,Very_Poor
2025.0,7.0,7.0,Upstream Passi I,C,9.1,2.0,120.0,7.0,29.0,2400.0,0.3137931034482758,0.0,520.9940476190476,High Risk
2025.0,7.0,8.0,Calinog Bridge (Class A),A,9.1,3.0,47.0,7.0,28.0,230.0,0.325,0.0,71.15457142857142,Poor
2025.0,7.0,9.0,"Alibunan Bridge, Upstream of Confluence (Class A)",A,9.8,2.0,64.0,7.0,27.0,230.0,0.362962962962963,0.0,68.14738095238094,Poor
2025.0,8.0,1.0,"Inland Fisheries, Leganes",C,6.8,1.0,28.0,7.0,31.0,700.0,0.21935483870967742,0.0,170.14885714285714,High Risk
2025.0,8.0,10.0,Alibunan Upstream (Class A),A,7.6,1.0,261.0,7.0,30.0,5400.0,0.2533333333333333,0.0,1149.5515238095238,High Risk
2025.0,8.0,2.0,Barotac Nuevo Bridge,C,7.3,1.0,75.0,7.0,32.0,9200.0,0.228125,0.0,1915.7211904761905,High Risk
2025.0,8.0,3.0,Moroboro Dam,C,6.1,1.0,44.0,7.0,30.0,790.0,0.2033333333333333,0.0,190.24352380952382,High Risk
2025.0,8.0,4.0,Duenas Bridge,C,8.1,1.0,86.0,7.0,32.0,940.0,0.253125,0.0,222.50919047619047,High Risk
2025.0,8.0,5.0,Downstream Passi II,C,7.4,1.0,126.0,7.0,31.0,9200.0,0.23870967741935484,0.0,1918.604857142857,High Risk
2025.0,8.0,6.0,Downstream Passi I,C,7.5,2.0,74.0,7.0,31.0,9200.0,0.24193548387096775,0.0,1916.0087142857142,High Risk
2025.0,8.0,7.0,Upstream Passi I,C,7.1,1.0,64.0,7.0,31.0,5400.0,0.22903225806451613,0.0,1135.5158571428572,High Risk
2025.0,8.0,8.0,Calinog Bridge (Class A),A,8.9,1.0,81.0,7.0,29.0,9200.0,0.30689655172413793,0.0,1909.6531904761905,High Risk
2025.0,8.0,9.0,"Alibunan Bridge, Upstream of Confluence (Class A)",A,8.1,1.0,68.0,7.0,30.0,2400.0,0.26999999999999996,0.0,518.0005238095238,High Risk
2025.0,9.0,1.0,"Inland Fisheries, Leganes",C,6.4,4.0,389.0,7.1,28.0,92000.0,0.2285714285714286,0.09999999999999964,18910.934928571427,High Risk
2025.0,9.0,10.0,Alibunan Upstream (Class A),A,8.5,2.0,26.0,6.9,28.0,11000.0,0.30357142857142855,0.09999999999999964,2275.5627142857143,High Risk
2025.0,9.0,2.0,Barotac Nuevo Bridge,C,7.0,4.0,1156.0,7.0,28.0,92000.0,0.25,0.0,18971.943428571427,High Risk
2025.0,9.0,3.0,Moroboro Dam,C,7.6,3.0,597.0,7.0,29.0,92000.0,0.26206896551724135,0.0,18924.095904761904,High Risk
2025.0,9.0,4.0,Duenas Bridge,C,7.1,4.0,425.0,6.9,29.0,54000.0,0.24482758620689654,0.09999999999999964,11126.689761904763,High Risk
2025.0,9.0,5.0,Downstream Passi II,C,7.6,4.0,220.0,6.8,29.0,35000.0,0.26206896551724135,0.20000000000000018,7215.754761904762,High Risk
2025.0,9.0,6.0,Downstream Passi I,C,7.1,4.0,216.0,6.8,28.0,54000.0,0.25357142857142856,0.20000000000000018,11108.458428571428,High Risk
2025.0,9.0,7.0,Upstream Passi I,C,8.1,3.0,116.0,6.8,28.0,24000.0,0.28928571428571426,0.20000000000000018,4949.335571428572,High Risk
2025.0,9.0,8.0,Calinog Bridge (Class A),A,6.7,3.0,66.0,6.8,26.0,11000.0,0.2576923076923077,0.20000000000000018,2282.218904761905,High Risk
2025.0,9.0,9.0,"Alibunan Bridge, Upstream of Confluence (Class A)",A,8.7,2.0,27.0,6.6,28.0,1300.0,0.31071428571428567,0.40000000000000036,287.7047142857143,High Risk
2025.0,10.0,1.0,"Inland Fisheries, Leganes",C,5.4,2.0,836.0,7.0,29.0,2400.0,0.18620689655172415,0.0,587.2910476190476,High Risk
2025.0,10.0,10.0,Alibunan Upstream (Class A),A,8.6,1.0,37.0,6.0,29.0,490.0,0.296551724137931,1.0,121.98119047619048,High Risk
2025.0,10.0,2.0,Barotac Nuevo Bridge,C,6.4,3.0,758.0,7.0,31.0,2400.0,0.2064516129032258,0.0,582.9045714285714,High Risk
2025.0,10.0,3.0,Moroboro Dam,C,7.1,3.0,173.0,7.0,31.0,3500.0,0.22903225806451613,0.0,758.8895714285715,High Risk
2025.0,10.0,4.0,Duenas Bridge,C,7.6,3.0,323.0,6.0,31.0,700.0,0.24516129032258063,1.0,196.44457142857144,High Risk
2025.0,10.0,5.0,Downstream Passi II,C,7.2,4.0,202.0,6.0,29.0,1400.0,0.2482758620689655,1.0,330.4587619047619,High Risk
2025.0,10.0,6.0,Downstream Passi I,C,7.6,6.0,168.0,6.0,30.0,330.0,0.2533333333333333,1.0,112.44680952380953,High Risk
2025.0,10.0,7.0,Upstream Passi I,C,7.6,3.0,164.0,6.0,30.0,1300.0,0.2533333333333333,1.0,305.2532380952381,High Risk
2025.0,10.0,8.0,Calinog Bridge (Class A),A,8.3,3.0,103.0,6.0,28.0,330.0,0.29642857142857143,1.0,97.87657142857144,Very_Poor
2025.0,10.0,9.0,"Alibunan Bridge, Upstream of Confluence (Class A)",A,8.5,4.0,104.0,6.0,28.0,490.0,0.30357142857142855,1.0,132.20542857142857,High Risk
2025.0,11.0,1.0,"Inland Fisheries, Leganes",C,7.1,2.0,16.0,8.0,31.0,3500.0,0.22903225806451613,1.0,750.6977142857143,High Risk
2025.0,11.0,10.0,Alibunan Upstream (Class A),A,8.9,1.0,11.0,7.0,30.0,790.0,0.2966666666666667,0.0,181.79752380952382,High Risk
2025.0,11.0,2.0,Barotac Nuevo Bridge,C,8.1,2.0,59.0,7.0,32.0,1100.0,0.253125,0.0,254.95204761904762,High Risk
2025.0,11.0,3.0,Moroboro Dam,C,6.5,2.0,28.0,7.0,32.0,1700.0,0.203125,0.0,378.6300476190476,High Risk
2025.0,11.0,4.0,Duenas Bridge,C,8.2,2.0,54.0,7.0,32.0,330.0,0.25625,0.0,96.56404761904763,Very_Poor
2025.0,11.0,5.0,Downstream Passi II,C,8.0,1.0,106.0,7.0,31.0,9200.0,0.25806451612903225,0.0,1915.734857142857,High Risk
2025.0,11.0,6.0,Downstream Passi I,C,8.5,1.0,133.0,7.0,31.0,3500.0,0.27419354838709675,0.0,748.9938571428571,High Risk
2025.0,11.0,7.0,Upstream Passi I,C,8.2,2.0,97.0,7.0,31.0,3500.0,0.264516129032258,0.0,748.5297142857142,High Risk
2025.0,11.0,8.0,Calinog Bridge (Class A),A,8.8,1.0,44.0,7.0,29.0,9200.0,0.303448275862069,0.0,1906.8241904761903,High Risk
2025.0,11.0,9.0,"Alibunan Bridge, Upstream of Confluence (Class A)",A,8.7,1.0,57.0,7.0,30.0,700.0,0.29,0.0,167.5385238095238,High Risk
2025.0,12.0,1.0,"Inland Fisheries, Leganes",C,8.2,2.0,17.0,7.0,30.0,790.0,0.2733333333333333,0.0,185.59738095238097,High Risk
2025.0,12.0,10.0,Alibunan Upstream (Class A),A,8.5,1.0,8.0,6.6,28.0,490.0,0.30357142857142855,0.40000000000000036,118.71485714285716,High Risk
2025.0,12.0,2.0,Barotac Nuevo Bridge,C,7.3,1.0,46.0,6.8,29.0,490.0,0.2517241379310345,0.20000000000000018,125.38419047619048,High Risk
2025.0,12.0,3.0,Moroboro Dam,C,7.0,2.0,36.0,6.8,28.0,490.0,0.25,0.20000000000000018,125.9587142857143,High Risk
2025.0,12.0,4.0,Duenas Bridge,C,7.8,1.0,247.0,6.6,29.0,230.0,0.2689655172413793,0.40000000000000036,87.56719047619048,Very_Poor
2025.0,12.0,5.0,Downstream Passi II,C,8.3,1.0,62.0,7.2,29.0,230.0,0.28620689655172415,0.20000000000000018,72.68319047619048,Poor
2025.0,12.0,6.0,Downstream Passi I,C,8.3,3.0,119.0,7.0,28.0,790.0,0.29642857142857143,0.0,193.44257142857145,High Risk
2025.0,12.0,7.0,Upstream Passi I,C,8.0,1.0,118.0,7.0,29.0,3500.0,0.27586206896551724,0.0,746.6021904761905,High Risk
2025.0,12.0,8.0,Calinog Bridge (Class A),A,8.2,1.0,29.0,7.0,27.0,790.0,0.3037037037037037,0.0,181.42852380952382,High Risk
2025.0,12.0,9.0,"Alibunan Bridge, Upstream of Confluence (Class A)",A,8.4,2.0,43.0,7.2,28.0,230.0,0.3,0.20000000000000018,71.69971428571428,Poor
,,,,,8.123620356542087,0.9505627926620136,6.441482055652748,6.883715972156811,25.22976062065625,0.9990924745633192,0.32198562953827914,0.11628402784318936,16.04096710691239,Excellent
,,,,,9.852142919229749,0.3387337731622081,4.798886444834543,7.299271351056096,25.584365199693973,0.2635180797336697,0.38508451713891245,0.29927135105609626,13.415640183024788,Excellent
,,,,,9.195981825434215,0.19107223017939132,12.60232512812701,7.332549534031828,23.272013899887455,0.15938435930034542,0.39515195655149926,0.33254953403182785,14.681998960258664,Excellent
,,,,,8.79597545259111,1.4284397521546666,5.99454657371025,7.192894038298647,22.440207698110708,0.5383980363053193,0.39197388771636293,0.19289403829864682,16.43980491288301,Excellent
,,,,,7.468055921327309,1.4518848463043832,4.933083135623331,7.339677025968193,22.911740650167765,1.0842154995216609,0.32594886767246234,0.33967702596819294,20.192909744480833,Excellent
,,,,,7.467983561008608,1.2317562873630457,8.597745164215478,7.1456569174550735,23.708431154505025,0.26626079866265046,0.31499273453990473,0.14565691745507348,18.64189029600908,Excellent
,,,,,7.174250836504599,0.526459276842719,2.972939149646677,7.165912980567396,25.272059063689973,0.7393491021464664,0.28388074032370064,0.16591298056739578,17.989053274111686,Excellent
,,,,,9.598528437324806,0.2367409596089374,12.230757730556554,7.099278712850984,25.442922333025372,0.8377815768615894,0.377257309977547,0.09927871285098444,13.006015993211788,Excellent
,,,,,8.803345035229626,1.0579262371170197,2.0437090115167917,6.817793388720866,22.02780852212476,0.26140129839163967,0.39964688390983305,0.18220661127913385,14.085632652564682,Excellent
,,,,,9.124217733388136,0.7162134912354418,14.816417112407242,6.8755239988953125,24.042989210310264,0.8010379834730456,0.37949597920525757,0.12447600110468748,13.94579808545629,Excellent
,,,,,7.061753482887408,0.2708535287826903,11.811426770153204,6.822000429980714,23.669644012595114,0.4045614459911786,0.2983464170027103,0.1779995700192858,17.012106961565696,Excellent
,,,,,9.909729556485983,0.7932476741557782,3.7820195414784137,7.245487287884647,22.88843124188292,0.6955364136529375,0.4329580062417051,0.24548728788464658,13.162504167443775,Excellent
,,,,,9.497327922401265,0.14814392956130576,1.0773096397304336,7.020049186753429,22.47946146933473,0.6968826818369842,0.4224891212521709,0.020049186753428927,11.100483246862245,Excellent
,,,,,7.637017332034828,1.3730485629102949,12.416459998367678,7.155999483815291,23.35046068561451,0.5893521524822344,0.32706067065904854,0.15599948381529138,19.00712287018388,Excellent
,,,,,7.545474901621302,0.46229197424002366,10.89600281386664,7.435296531748265,25.77163881565008,0.09931874705984914,0.2927821143077342,0.4352965317482651,19.938433123780882,Excellent
,,,,,7.550213529560302,1.0275311980955748,11.206100352573822,6.974504560404212,23.29281172808302,0.9188327451481618,0.3241435004799087,0.025495439595787595,17.483650466655146,Excellent
,,,,,7.912726728878614,0.5363955065251753,11.79778485360324,7.087268046124941,24.075162486973465,0.35285807146890946,0.32866763550028016,0.0872680461249411,16.325263380779425,Excellent
,,,,,8.574269294896713,0.8280952296489351,2.036625124277265,7.328885796980134,24.81207583558071,0.20517036143983966,0.3455683978928173,0.328885796980134,16.26854107773021,Excellent
,,,,,8.295835055926347,0.8653943910805915,6.018520199619816,6.960158715844136,23.454518409517178,0.04485265571024031,0.35369880170125906,0.03984128415586419,15.047007167598636,Excellent
,,,,,7.873687420594126,0.3587962377357379,2.622166833351816,6.853885936880155,25.887128330883844,0.6499822375070661,0.3041545327065368,0.1461140631198452,15.779040900355405,Excellent
,,,,,8.835558684167138,1.457418478870382,13.08344796225831,7.002826017039638,25.849789179768443,0.7453207980265107,0.3418038972280038,0.002826017039637918,16.719827648404227,Excellent
,,,,,7.418481581956126,1.1851859527055604,9.72617377558581,6.912854901077803,23.00712918330146,0.01824661182064177,0.3224427316790332,0.08714509892219713,17.743081714488582,Excellent
,,,,,7.876433945605655,1.4152985181898647,5.632572347937089,7.450788356639801,23.988994023569543,0.5633023641292091,0.32833531651502107,0.45078835663980144,19.966171615290246,Excellent
,,,,,8.099085529881075,1.3527582905987083,1.8898169040043309,7.365684265695092,23.203513239267078,0.24914535271773178,0.34904565728327175,0.3656842656950916,18.463472921382348,Excellent
,,,,,8.368209952651108,0.9370599703355191,5.353752504019271,7.2433826295572965,23.13936197750987,0.7096900694503949,0.3616439364570435,0.2433826295572965,16.70994539310165,Excellent
,,,,,9.35552788417904,1.3906239290323636,5.552566508374459,7.4100224131314025,22.14754778941813,0.1918030719054906,0.42241822765809833,0.41002241313140253,16.537915617145778,Excellent
,,,,,7.599021346475079,0.22388950287268727,11.214486496732897,7.36257045382938,24.438257335919587,0.7600315119127126,0.31094775875471137,0.36257045382938013,18.223286968766534,Excellent
,,,,,8.542703315240836,0.3743760073868032,9.925804598972984,6.9305990412202245,24.010716092915445,0.4254088809305912,0.35578711114581996,0.06940095877977548,14.019693240123464,Excellent
,,,,,8.777243706586127,0.16331820447475331,13.420978396068572,7.424791298942984,22.20591500499996,1.0304029876104082,0.3952660227966203,0.42479129894298406,16.33867883251784,Excellent
,,,,,7.1393512381599935,0.5554624630685701,7.61100895226729,7.177539569340955,23.114585856946444,0.1512730385605926,0.30886779812299603,0.17753956934095516,18.15350226003595,Excellent
,,,,,5.6821327021005175,2.5974675787331725,38.51146460882286,7.714041733217771,25.20672688467443,18.507063986046692,0.22542128250515647,0.7140417332177709,35.002916132681854,Good
,,,,,5.226947042481179,2.8837903953853865,38.84821442506468,7.715170092018771,27.125418526272593,38.15867480170765,0.19269553527509878,0.7151700920187709,42.631682928380215,Good
,,,,,6.849387236557126,2.803922519005201,37.871609755511216,7.800608477870155,27.162540486440427,1.803841593995062,0.252162983060305,0.8006084778701554,32.22754779630335,Good
,,,,,6.754678706761962,1.9485386189211196,24.25396750638611,7.869860828834707,27.549719605992827,6.7759521207882045,0.2451813957951366,0.8698608288347067,31.599092215687545,Good
,,,,,5.515883255430311,2.9243584426950715,15.386415413221686,7.267013598291407,27.904365334890645,3.3495291948637096,0.19767098048037104,0.26701359829140703,30.973063089569607,Good
,,,,,6.319968092068358,1.9744981749936001,38.20796406469313,7.252274442030799,28.90340831785014,3.0916384333976397,0.21865822959589432,0.2522744420307994,30.35993358519108,Good
,,,,,6.634444400402431,2.1507993963185355,25.704603707932858,7.697442768450163,27.06520139320478,42.93202255813825,0.24512821109353103,0.6974427684501627,38.09176878806408,Good
,,,,,6.110401623198925,2.9929828102360485,39.16637047609174,7.4749458961666475,26.291825891764983,35.50886932368316,0.2324068951450344,0.4749458961666475,38.022182268205725,Good
,,,,,6.059301156712013,2.7992657980944293,39.09049942723132,7.552950315886555,28.180744779074814,24.287100242370204,0.2150156500196991,0.5529503158865552,38.03510897857669,Good
,,,,,5.483704581800904,3.198446820988356,36.325236386684,7.693689004154152,26.0833290050483,5.884090455833972,0.21023791022762317,0.6936890041541517,34.59453023456998,Good
,,,,,5.186205535611799,2.8152257846006865,22.36122230173964,7.83500801272635,26.755885682822544,25.140016293213105,0.19383419398227497,0.83500801272635,38.948849808636695,Good
,,,,,6.794431515906654,2.6366172066709432,24.62744321504813,7.006992735277303,25.313825525369065,24.252769591169663,0.26840793024734233,0.006992735277303375,28.31721888122927,Good
,,,,,6.8008361143266605,1.687349535656185,36.27841678792142,7.063374428959916,25.10140297366183,9.569571438599741,0.27093450200622565,0.06337442895991607,24.61037259339521,Excellent
,,,,,6.266202914546536,2.2354316061188673,22.923050128906944,6.640972909761303,28.850593658711702,22.315345647736883,0.217194938470682,0.3590270902386967,31.933014910051057,Good
,,,,,5.678059582097402,2.030404735363451,19.237318667152312,7.367420211494261,28.343920482048823,20.58688151203156,0.2003272478023466,0.3674202114942613,33.95280723412342,Good
,,,,,5.698419149225321,1.9879792867581672,28.920031561458753,6.553913410695113,27.783896824374793,31.215069794753386,0.20509790924022228,0.44608658930488687,33.78257953477953,Good
,,,,,6.451911357740479,3.4460211095048914,38.40386935401952,7.19839702719869,26.63581177765708,32.15607952742778,0.24222694662351296,0.19839702719869035,35.98436500506345,Good
,,,,,6.794220519905155,2.286195449333521,32.400744916874324,7.313966952061365,25.693177280283383,3.315366077852977,0.264436758668962,0.3139669520613646,26.435672201187394,Good
,,,,,6.774172848530235,3.2840931103542266,29.251529252234125,6.929811878192426,25.625748170684343,19.418556855234442,0.26435024661171985,0.07018812180757372,29.255221931650148,Good
,,,,,6.559751091715247,2.762277251994526,17.429412344269213,7.386249890853517,26.00097159265838,31.70454987842616,0.2522886911490436,0.3862498908535166,33.20759866877105,Good
,,,,,6.284063292308575,3.089622607083297,30.375180667479242,6.545750374908574,27.19690665882448,25.703363044566288,0.23105801594055947,0.45424962509142564,32.993427202055976,Good
,,,,,5.168279929990097,2.505274186210384,39.75134625260658,6.556022283123822,27.85838369080025,42.982353234108956,0.1855197339283123,0.44397771687617826,39.21890753697097,Good
,,,,,5.323257428189228,2.653807769252718,18.5021003809131,7.733900840989487,27.640789506870924,33.31011858616641,0.19258702530425106,0.7339008409894872,40.02792384503215,Good
,,,,,6.797108377054158,2.485035387637728,27.958241309093417,7.0402859621168945,26.119735587783772,9.067493484281911,0.26022883555655796,0.0402859621168945,26.28886802962392,Good
,,,,,6.21285811931918,1.890485975596089,36.93432679819888,6.6905907689778275,28.819461122652775,4.550811747881019,0.21557856661087002,0.30940923102217255,28.871271303622237,Good
,,,,,5.018394103233259,2.9449042305230106,33.51921544385511,7.283364890082207,27.951587666783073,32.51430270428883,0.17953878552655475,0.2833648900822068,39.65295933888032,Good
,,,,,5.202943085732064,2.0615447248817116,32.4253935248817,7.654990329647916,27.217416210045602,2.3964030854853067,0.19116227071590008,0.6549903296479158,32.9926873659783,Good
,,,,,6.327003538216111,1.5486319328629077,32.56210209967773,6.823731541245265,27.44688298493741,29.744425924272356,0.23051810807399553,0.17626845875473496,31.29999309803115,Good
,,,,,5.010123167692438,2.790944591814336,23.98727878049388,7.4343357137285,26.67840024971116,47.07725880568043,0.1877969863559072,0.4343357137285002,41.18149675278743,Good
,,,,,5.321616102834997,1.8542213588140979,22.339796106612333,6.628021197490652,25.99092395800463,29.24068729813048,0.2047490159039174,0.3719788025093482,31.400069007695727,Good
,,,,,3.776339852413044,5.976262855001684,63.74737131177545,7.942867289818592,29.888195914405788,142.01227939036846,0.12634887241865572,0.9428672898185919,79.2317129906316,Very_Poor
,,,,,4.286576436884706,4.531544192278567,63.68854428383662,7.396010624339512,30.087246066953853,112.73645544359283,0.14247154516387733,0.39601062433951206,66.10951890714989,Poor
,,,,,3.9165057809830333,4.430045214481958,42.73618309146071,7.060555023117441,29.36362319430332,189.909272503102,0.133379513661068,0.06055502311744121,77.78261479046591,Very_Poor
,,,,,4.09123357863187,5.441032401854992,54.83260914107744,8.26588596273684,29.88267424025219,179.90958342506124,0.13690988784132804,1.2658859627368404,86.72926814391505,Very_Poor
,,,,,4.88292961755305,4.3520088506325445,41.72676280049933,6.277993705765378,29.7529429357693,56.782800515928415,0.16411585328195352,0.7220062942346219,48.32362646416336,Good
,,,,,3.7722052756015483,5.826893314008911,56.485866469712064,7.231562760727147,30.703474031472968,53.9550461745878,0.12285923318432317,0.23156276072714732,56.55084013149127,Poor
,,,,,4.922381127647828,5.64603187960753,53.245915041201314,6.028384111918547,28.136339141024372,106.46950503170744,0.1749474621760838,0.9716158880814527,60.0241605647394,Poor
,,,,,4.8107012839121275,4.572485068437546,66.63112548274898,7.171651604985316,28.84288956877669,171.58299961727494,0.16678985205143448,0.17165160498531584,74.57951813271734,Poor
,,,,,3.391582269578593,5.377177669478743,50.527450376562356,6.140758189204593,30.851234452229676,198.09141939724168,0.10993343799030632,0.8592418107954067,84.17747438720312,Very_Poor
,,,,,3.138722601750331,5.386357185211706,43.512010492828175,6.29704479067018,30.670791351672747,72.56253366552923,0.10233588581923397,0.7029552093298204,58.21960941435651,Poor
,,,,,3.2015560027548533,3.7578096720898317,44.28975046158507,6.293815616942762,29.36697025835714,139.11960730282027,0.10901894116379836,0.7061843830572379,67.31657210355864,Poor
,,,,,3.0364436513030997,5.756382266698917,62.84531895152416,7.6230257552901595,29.86039779340461,107.13362849465324,0.10168798394151908,0.6230257552901595,70.98913753932737,Poor
,,,,,3.188885921511857,4.763130931119643,58.546541899487835,7.865112198163558,28.8321435489434,195.48715967219047,0.11060176348312885,0.8651121981635583,87.03020383934198,Very_Poor
,,,,,4.366013546832714,5.566143665269355,43.03368028368371,7.4584219127428995,28.564363479171284,176.31783847035632,0.15284827018870373,0.45842191274289945,77.9625440784234,Very_Poor
,,,,,3.1423772969204578,4.3001240025765295,42.52320418344992,8.405431371186355,29.391095214819945,175.74930570667067,0.10691596464686927,1.4054313711863546,85.05311338337937,Very_Poor
,,,,,3.6379512605875224,5.738808071240501,61.0290739437736,6.93717644880926,29.06005668407816,120.30397396924555,0.12518734220435074,0.06282355119074001,67.31383124111788,Poor
,,,,,4.689750621938909,4.473004196835408,42.182890190925804,6.714280215704652,29.750968335552617,112.22292535064977,0.15763354553857073,0.28571978429534806,60.34117553197333,Poor
,,,,,3.046543871471652,3.527094128700746,64.65580177871068,8.17149782047365,28.233203910894954,91.01106078960593,0.10790641689432975,1.1714978204736504,65.45440842004426,Poor
,,,,,4.628936965177871,5.76345494104816,61.18726681469489,6.558989596298631,30.9231844229985,58.456324497639066,0.14969147102894073,0.4410104037013687,54.70587871277896,Poor
,,,,,3.5637095495468,3.7282166919653337,42.44046341925699,8.408056348601528,30.95863223343881,179.708356438258,0.11511198307067301,1.4080563486015283,85.65375352664981,Very_Poor
,,,,,3.2363296552433125,4.298284093976037,42.545131422555755,6.030386186724541,30.094485142059234,171.93515136951163,0.10753896070879465,0.9696138132754593,75.63377998843075,Very_Poor
,,,,,4.393474330728301,5.875154917627013,69.59918735503527,8.424697066769097,29.608289099032362,199.95765099291958,0.1483866330821488,1.424697066769097,92.98244488071927,Very_Poor
,,,,,4.257885693559768,5.876517867343891,51.22812387268361,6.1078997798764405,28.928582848858984,199.4955255610858,0.14718611401760073,0.8921002201235595,81.5798027176308,Very_Poor
,,,,,4.754944027054106,4.933594720308215,51.11926441200673,8.227857784245177,30.441385059120847,133.31475584039413,0.156199989514913,1.2278577842451774,74.92811145027784,Poor
,,,,,4.470142087607772,5.079593030424498,64.38398701772508,7.31925277271575,30.054193517661638,165.34811227707658,0.14873605192502834,0.3192527727157497,77.05749612239686,Very_Poor
,,,,,4.606961860769697,4.621113804945799,68.41745732151577,8.482411990298251,28.487850818034673,191.7148594823642,0.161716722338815,1.4824119902982513,87.5636145487276,Very_Poor
,,,,,3.564069145142613,4.233026929245161,69.58003191468613,6.184491411838497,30.732781553481527,177.44710860161172,0.11596962477803646,0.815508588161503,78.8838293074154,Very_Poor
,,,,,3.3548790875594454,4.32166136342479,62.60134555776825,7.384635711003302,30.467611728769505,87.10221526147964,0.11011296577577001,0.38463571100330185,62.626115709231804,Poor
,,,,,4.501229503281717,5.181296140192596,51.287787565927474,8.423256339047747,30.84939973987577,117.58162029651403,0.14590979212679628,1.4232563390477466,74.42916860090759,Poor
,,,,,4.613669478534528,5.3809363235942005,42.50502150096006,7.307744610425372,30.17715852516508,69.37391227272425,0.1528861464768837,0.30774461042537204,55.92745489451913,Poor
